ID,CONTINENT,COUNTRY,YEAR,ARRIVAL
1,ASIA,AFGHANISTAN,2008,36
2,ASIA,AFGHANISTAN,2009,89
3,ASIA,AFGHANISTAN,2010,147
4,ASIA,AFGHANISTAN,2011,165
5,ASIA,AFGHANISTAN,2012,167
6,ASIA,AFGHANISTAN,2013,179
7,ASIA,AFGHANISTAN,2014,121
8,ASIA,AFGHANISTAN,2015,86
9,ASIA,AFGHANISTAN,2016,62
10,ASIA,AFGHANISTAN,2017,16
11,ASIA,AFGHANISTAN,2018,50
12,EUROPE,ALBANIA,2008,1420
13,EUROPE,ALBANIA,2009,1856
14,EUROPE,ALBANIA,2010,2417
15,EUROPE,ALBANIA,2011,2932
16,EUROPE,ALBANIA,2012,3514
17,EUROPE,ALBANIA,2013,3256
18,EUROPE,ALBANIA,2014,3673
19,EUROPE,ALBANIA,2015,4131
20,EUROPE,ALBANIA,2016,4736
21,EUROPE,ALBANIA,2017,5118
22,EUROPE,ALBANIA,2018,5927
23,AFRICA,ALGERIA,2008,1772
24,AFRICA,ALGERIA,2009,1912
25,AFRICA,ALGERIA,2010,2070
26,AFRICA,ALGERIA,2011,2395
27,AFRICA,ALGERIA,2012,2634
28,AFRICA,ALGERIA,2013,2733
29,AFRICA,ALGERIA,2014,2301
30,AFRICA,ALGERIA,2015,1710
31,AFRICA,ALGERIA,2016,2039
32,AFRICA,ALGERIA,2017,2451
33,AFRICA,ALGERIA,2018,2657
34,OCEANIA,AMERICAN SAMOA,2008,24
35,OCEANIA,AMERICAN SAMOA,2009,24
36,OCEANIA,AMERICAN SAMOA,2010,23
37,OCEANIA,AMERICAN SAMOA,2011,23
38,OCEANIA,AMERICAN SAMOA,2012,23
39,OCEANIA,AMERICAN SAMOA,2013,21
40,OCEANIA,AMERICAN SAMOA,2014,22
41,OCEANIA,AMERICAN SAMOA,2015,20
42,OCEANIA,AMERICAN SAMOA,2016,20
43,OCEANIA,AMERICAN SAMOA,2017,20
44,OCEANIA,AMERICAN SAMOA,2018,20
45,EUROPE,ANDORRA,2008,2059
46,EUROPE,ANDORRA,2009,1830
47,EUROPE,ANDORRA,2010,1808
48,EUROPE,ANDORRA,2011,2242
49,EUROPE,ANDORRA,2012,2238
50,EUROPE,ANDORRA,2013,2328
51,EUROPE,ANDORRA,2014,2363
52,EUROPE,ANDORRA,2015,2663
53,EUROPE,ANDORRA,2016,2819
54,EUROPE,ANDORRA,2017,3003
55,EUROPE,ANDORRA,2018,3042
56,AFRICA,ANGOLA,2008,294
57,AFRICA,ANGOLA,2009,366
58,AFRICA,ANGOLA,2010,425
59,AFRICA,ANGOLA,2011,481
60,AFRICA,ANGOLA,2012,528
61,AFRICA,ANGOLA,2013,650
62,AFRICA,ANGOLA,2014,595
63,AFRICA,ANGOLA,2015,592
64,AFRICA,ANGOLA,2016,397
65,AFRICA,ANGOLA,2017,261
66,AFRICA,ANGOLA,2018,218
67,NORTH AMERICA,ANGUILLA,2008,68
68,NORTH AMERICA,ANGUILLA,2009,58
69,NORTH AMERICA,ANGUILLA,2010,62
70,NORTH AMERICA,ANGUILLA,2011,66
71,NORTH AMERICA,ANGUILLA,2012,65
72,NORTH AMERICA,ANGUILLA,2013,69
73,NORTH AMERICA,ANGUILLA,2014,71
74,NORTH AMERICA,ANGUILLA,2015,73
75,NORTH AMERICA,ANGUILLA,2016,79
76,NORTH AMERICA,ANGUILLA,2017,68
77,NORTH AMERICA,ANGUILLA,2018,55
78,NORTH AMERICA,ANTIGUA AND BARBUDA,2008,266
79,NORTH AMERICA,ANTIGUA AND BARBUDA,2009,234
80,NORTH AMERICA,ANTIGUA AND BARBUDA,2010,230
81,NORTH AMERICA,ANTIGUA AND BARBUDA,2011,241
82,NORTH AMERICA,ANTIGUA AND BARBUDA,2012,247
83,NORTH AMERICA,ANTIGUA AND BARBUDA,2013,243
84,NORTH AMERICA,ANTIGUA AND BARBUDA,2014,249
85,NORTH AMERICA,ANTIGUA AND BARBUDA,2015,250
86,NORTH AMERICA,ANTIGUA AND BARBUDA,2016,265
87,NORTH AMERICA,ANTIGUA AND BARBUDA,2017,247
88,NORTH AMERICA,ANTIGUA AND BARBUDA,2018,269
89,SOUTH AMERICA,ARGENTINA,2008,4700
90,SOUTH AMERICA,ARGENTINA,2009,4308
91,SOUTH AMERICA,ARGENTINA,2010,6800
92,SOUTH AMERICA,ARGENTINA,2011,6703
93,SOUTH AMERICA,ARGENTINA,2012,6497
94,SOUTH AMERICA,ARGENTINA,2013,6510
95,SOUTH AMERICA,ARGENTINA,2014,7165
96,SOUTH AMERICA,ARGENTINA,2015,6816
97,SOUTH AMERICA,ARGENTINA,2016,6668
98,SOUTH AMERICA,ARGENTINA,2017,6711
99,SOUTH AMERICA,ARGENTINA,2018,6942
100,ASIA,ARMENIA,2008,558
101,ASIA,ARMENIA,2009,575
102,ASIA,ARMENIA,2010,684
103,ASIA,ARMENIA,2011,758
104,ASIA,ARMENIA,2012,963
105,ASIA,ARMENIA,2013,1084
106,ASIA,ARMENIA,2014,1204
107,ASIA,ARMENIA,2015,1192
108,ASIA,ARMENIA,2016,1260
109,ASIA,ARMENIA,2017,1495
110,ASIA,ARMENIA,2018,1652
111,NORTH AMERICA,ARUBA,2008,827
112,NORTH AMERICA,ARUBA,2009,813
113,NORTH AMERICA,ARUBA,2010,824
114,NORTH AMERICA,ARUBA,2011,869
115,NORTH AMERICA,ARUBA,2012,904
116,NORTH AMERICA,ARUBA,2013,979
117,NORTH AMERICA,ARUBA,2014,1072
118,NORTH AMERICA,ARUBA,2015,1225
119,NORTH AMERICA,ARUBA,2016,1102
120,NORTH AMERICA,ARUBA,2017,1071
121,NORTH AMERICA,ARUBA,2018,1082
122,OCEANIA,AUSTRALIA,2008,5586
123,OCEANIA,AUSTRALIA,2009,5490
124,OCEANIA,AUSTRALIA,2010,5790
125,OCEANIA,AUSTRALIA,2011,5771
126,OCEANIA,AUSTRALIA,2012,6032
127,OCEANIA,AUSTRALIA,2013,6482
128,OCEANIA,AUSTRALIA,2014,6922
129,OCEANIA,AUSTRALIA,2015,7449
130,OCEANIA,AUSTRALIA,2016,8269
131,OCEANIA,AUSTRALIA,2017,8815
132,OCEANIA,AUSTRALIA,2018,9246
133,EUROPE,AUSTRIA,2008,21935
134,EUROPE,AUSTRIA,2009,21355
135,EUROPE,AUSTRIA,2010,22004
136,EUROPE,AUSTRIA,2011,23012
137,EUROPE,AUSTRIA,2012,24151
138,EUROPE,AUSTRIA,2013,24813
139,EUROPE,AUSTRIA,2014,25291
140,EUROPE,AUSTRIA,2015,26728
141,EUROPE,AUSTRIA,2016,28121
142,EUROPE,AUSTRIA,2017,29460
143,EUROPE,AUSTRIA,2018,30816
144,ASIA,AZERBAIJAN,2008,1899
145,ASIA,AZERBAIJAN,2009,1830
146,ASIA,AZERBAIJAN,2010,1963
147,ASIA,AZERBAIJAN,2011,2239
148,ASIA,AZERBAIJAN,2012,2484
149,ASIA,AZERBAIJAN,2013,2509
150,ASIA,AZERBAIJAN,2014,2298
151,ASIA,AZERBAIJAN,2015,2006
152,ASIA,AZERBAIJAN,2016,2249
153,ASIA,AZERBAIJAN,2017,2697
154,ASIA,AZERBAIJAN,2018,2850
155,NORTH AMERICA,BAHAMAS,2008,1463
156,NORTH AMERICA,BAHAMAS,2009,1327
157,NORTH AMERICA,BAHAMAS,2010,1370
158,NORTH AMERICA,BAHAMAS,2011,1346
159,NORTH AMERICA,BAHAMAS,2012,1422
160,NORTH AMERICA,BAHAMAS,2013,1366
161,NORTH AMERICA,BAHAMAS,2014,1446
162,NORTH AMERICA,BAHAMAS,2015,1502
163,NORTH AMERICA,BAHAMAS,2016,1500
164,NORTH AMERICA,BAHAMAS,2017,1442
165,NORTH AMERICA,BAHAMAS,2018,1633
166,ASIA,BAHRAIN,2008,8631
167,ASIA,BAHRAIN,2009,8861
168,ASIA,BAHRAIN,2010,11952
169,ASIA,BAHRAIN,2011,6732
170,ASIA,BAHRAIN,2012,8062
171,ASIA,BAHRAIN,2013,9163
172,ASIA,BAHRAIN,2014,10452
173,ASIA,BAHRAIN,2015,9670
174,ASIA,BAHRAIN,2016,10158
175,ASIA,BAHRAIN,2017,11374
176,ASIA,BAHRAIN,2018,12045
177,NORTH AMERICA,BARBADOS,2008,568
178,NORTH AMERICA,BARBADOS,2009,519
179,NORTH AMERICA,BARBADOS,2010,532
180,NORTH AMERICA,BARBADOS,2011,568
181,NORTH AMERICA,BARBADOS,2012,536
182,NORTH AMERICA,BARBADOS,2013,509
183,NORTH AMERICA,BARBADOS,2014,521
184,NORTH AMERICA,BARBADOS,2015,592
185,NORTH AMERICA,BARBADOS,2016,632
186,NORTH AMERICA,BARBADOS,2017,664
187,NORTH AMERICA,BARBADOS,2018,680
188,EUROPE,BELARUS,2008,477
189,EUROPE,BELARUS,2009,512
190,EUROPE,BELARUS,2010,677
191,EUROPE,BELARUS,2011,783
192,EUROPE,BELARUS,2012,993
193,EUROPE,BELARUS,2013,1003
194,EUROPE,BELARUS,2014,1080
195,EUROPE,BELARUS,2015,966
196,EUROPE,BELARUS,2016,1929
197,EUROPE,BELARUS,2017,2000
198,EUROPE,BELARUS,2018,2142
199,EUROPE,BELGIUM,2008,7165
200,EUROPE,BELGIUM,2009,6815
201,EUROPE,BELGIUM,2010,7186
202,EUROPE,BELGIUM,2011,7494
203,EUROPE,BELGIUM,2012,7560
204,EUROPE,BELGIUM,2013,7684
205,EUROPE,BELGIUM,2014,7887
206,EUROPE,BELGIUM,2015,8355
207,EUROPE,BELGIUM,2016,7481
208,EUROPE,BELGIUM,2017,8385
209,EUROPE,BELGIUM,2018,9119
210,NORTH AMERICA,BELIZE,2008,245
211,NORTH AMERICA,BELIZE,2009,232
212,NORTH AMERICA,BELIZE,2010,242
213,NORTH AMERICA,BELIZE,2011,250
214,NORTH AMERICA,BELIZE,2012,277
215,NORTH AMERICA,BELIZE,2013,294
216,NORTH AMERICA,BELIZE,2014,321
217,NORTH AMERICA,BELIZE,2015,341
218,NORTH AMERICA,BELIZE,2016,386
219,NORTH AMERICA,BELIZE,2017,427
220,NORTH AMERICA,BELIZE,2018,489
221,AFRICA,BENIN,2008,188
222,AFRICA,BENIN,2009,190
223,AFRICA,BENIN,2010,199
224,AFRICA,BENIN,2011,209
225,AFRICA,BENIN,2012,220
226,AFRICA,BENIN,2013,231
227,AFRICA,BENIN,2014,242
228,AFRICA,BENIN,2015,255
229,AFRICA,BENIN,2016,267
230,AFRICA,BENIN,2017,281
231,AFRICA,BENIN,2018,295
232,NORTH AMERICA,BERMUDA,2008,264
233,NORTH AMERICA,BERMUDA,2009,236
234,NORTH AMERICA,BERMUDA,2010,232
235,NORTH AMERICA,BERMUDA,2011,236
236,NORTH AMERICA,BERMUDA,2012,232
237,NORTH AMERICA,BERMUDA,2013,236
238,NORTH AMERICA,BERMUDA,2014,224
239,NORTH AMERICA,BERMUDA,2015,220
240,NORTH AMERICA,BERMUDA,2016,244
241,NORTH AMERICA,BERMUDA,2017,270
242,NORTH AMERICA,BERMUDA,2018,282
243,ASIA,BHUTAN,2008,28
244,ASIA,BHUTAN,2009,23
245,ASIA,BHUTAN,2010,41
246,ASIA,BHUTAN,2011,66
247,ASIA,BHUTAN,2012,105
248,ASIA,BHUTAN,2013,116
249,ASIA,BHUTAN,2014,133
250,ASIA,BHUTAN,2015,155
251,ASIA,BHUTAN,2016,210
252,ASIA,BHUTAN,2017,255
253,ASIA,BHUTAN,2018,274
254,SOUTH AMERICA,"BOLIVIA, PLURINATIONAL STATE OF",2008,594
255,SOUTH AMERICA,"BOLIVIA, PLURINATIONAL STATE OF",2009,599
256,SOUTH AMERICA,"BOLIVIA, PLURINATIONAL STATE OF",2010,679
257,SOUTH AMERICA,"BOLIVIA, PLURINATIONAL STATE OF",2011,711
258,SOUTH AMERICA,"BOLIVIA, PLURINATIONAL STATE OF",2012,798
259,SOUTH AMERICA,"BOLIVIA, PLURINATIONAL STATE OF",2013,798
260,SOUTH AMERICA,"BOLIVIA, PLURINATIONAL STATE OF",2014,871
261,SOUTH AMERICA,"BOLIVIA, PLURINATIONAL STATE OF",2015,882
262,SOUTH AMERICA,"BOLIVIA, PLURINATIONAL STATE OF",2016,961
263,SOUTH AMERICA,"BOLIVIA, PLURINATIONAL STATE OF",2017,1109
264,SOUTH AMERICA,"BOLIVIA, PLURINATIONAL STATE OF",2018,1142
265,EUROPE,BOSNIA AND HERZEGOVINA,2008,322
266,EUROPE,BOSNIA AND HERZEGOVINA,2009,311
267,EUROPE,BOSNIA AND HERZEGOVINA,2010,365
268,EUROPE,BOSNIA AND HERZEGOVINA,2011,392
269,EUROPE,BOSNIA AND HERZEGOVINA,2012,439
270,EUROPE,BOSNIA AND HERZEGOVINA,2013,529
271,EUROPE,BOSNIA AND HERZEGOVINA,2014,536
272,EUROPE,BOSNIA AND HERZEGOVINA,2015,678
273,EUROPE,BOSNIA AND HERZEGOVINA,2016,778
274,EUROPE,BOSNIA AND HERZEGOVINA,2017,923
275,EUROPE,BOSNIA AND HERZEGOVINA,2018,1053
276,SOUTH AMERICA,BRAZIL,2008,5050
277,SOUTH AMERICA,BRAZIL,2009,4802
278,SOUTH AMERICA,BRAZIL,2010,5161
279,SOUTH AMERICA,BRAZIL,2011,5433
280,SOUTH AMERICA,BRAZIL,2012,5677
281,SOUTH AMERICA,BRAZIL,2013,5813
282,SOUTH AMERICA,BRAZIL,2014,6430
283,SOUTH AMERICA,BRAZIL,2015,6306
284,SOUTH AMERICA,BRAZIL,2016,6547
285,SOUTH AMERICA,BRAZIL,2017,6589
286,SOUTH AMERICA,BRAZIL,2018,6621
287,NORTH AMERICA,BRITISH VIRGIN ISLANDS,2008,346
288,NORTH AMERICA,BRITISH VIRGIN ISLANDS,2009,309
289,NORTH AMERICA,BRITISH VIRGIN ISLANDS,2010,330
290,NORTH AMERICA,BRITISH VIRGIN ISLANDS,2011,338
291,NORTH AMERICA,BRITISH VIRGIN ISLANDS,2012,351
292,NORTH AMERICA,BRITISH VIRGIN ISLANDS,2013,366
293,NORTH AMERICA,BRITISH VIRGIN ISLANDS,2014,386
294,NORTH AMERICA,BRITISH VIRGIN ISLANDS,2015,393
295,NORTH AMERICA,BRITISH VIRGIN ISLANDS,2016,408
296,NORTH AMERICA,BRITISH VIRGIN ISLANDS,2017,335
297,NORTH AMERICA,BRITISH VIRGIN ISLANDS,2018,192
298,EUROPE,BULGARIA,2008,5780
299,EUROPE,BULGARIA,2009,5739
300,EUROPE,BULGARIA,2010,6047
301,EUROPE,BULGARIA,2011,6328
302,EUROPE,BULGARIA,2012,6541
303,EUROPE,BULGARIA,2013,6898
304,EUROPE,BULGARIA,2014,7311
305,EUROPE,BULGARIA,2015,7099
306,EUROPE,BULGARIA,2016,8252
307,EUROPE,BULGARIA,2017,8883
308,EUROPE,BULGARIA,2018,9273
309,AFRICA,BURKINA FASO,2008,272
310,AFRICA,BURKINA FASO,2009,269
311,AFRICA,BURKINA FASO,2010,274
312,AFRICA,BURKINA FASO,2011,238
313,AFRICA,BURKINA FASO,2012,237
314,AFRICA,BURKINA FASO,2013,218
315,AFRICA,BURKINA FASO,2014,191
316,AFRICA,BURKINA FASO,2015,163
317,AFRICA,BURKINA FASO,2016,152
318,AFRICA,BURKINA FASO,2017,143
319,AFRICA,BURKINA FASO,2018,144
320,AFRICA,CABO VERDE,2008,285
321,AFRICA,CABO VERDE,2009,287
322,AFRICA,CABO VERDE,2010,336
323,AFRICA,CABO VERDE,2011,428
324,AFRICA,CABO VERDE,2012,482
325,AFRICA,CABO VERDE,2013,503
326,AFRICA,CABO VERDE,2014,494
327,AFRICA,CABO VERDE,2015,520
328,AFRICA,CABO VERDE,2016,598
329,AFRICA,CABO VERDE,2017,668
330,AFRICA,CABO VERDE,2018,710
331,ASIA,CAMBODIA,2008,2125
332,ASIA,CAMBODIA,2009,2162
333,ASIA,CAMBODIA,2010,2508
334,ASIA,CAMBODIA,2011,2882
335,ASIA,CAMBODIA,2012,3584
336,ASIA,CAMBODIA,2013,4210
337,ASIA,CAMBODIA,2014,4503
338,ASIA,CAMBODIA,2015,4775
339,ASIA,CAMBODIA,2016,5012
340,ASIA,CAMBODIA,2017,5602
341,ASIA,CAMBODIA,2018,6201
342,NORTH AMERICA,CANADA,2008,17142
343,NORTH AMERICA,CANADA,2009,15737
344,NORTH AMERICA,CANADA,2010,16219
345,NORTH AMERICA,CANADA,2011,16014
346,NORTH AMERICA,CANADA,2012,16344
347,NORTH AMERICA,CANADA,2013,16059
348,NORTH AMERICA,CANADA,2014,16537
349,NORTH AMERICA,CANADA,2015,17971
350,NORTH AMERICA,CANADA,2016,19971
351,NORTH AMERICA,CANADA,2017,20883
352,NORTH AMERICA,CANADA,2018,21134
353,NORTH AMERICA,CAYMAN ISLANDS,2008,303
354,NORTH AMERICA,CAYMAN ISLANDS,2009,272
355,NORTH AMERICA,CAYMAN ISLANDS,2010,288
356,NORTH AMERICA,CAYMAN ISLANDS,2011,309
357,NORTH AMERICA,CAYMAN ISLANDS,2012,322
358,NORTH AMERICA,CAYMAN ISLANDS,2013,345
359,NORTH AMERICA,CAYMAN ISLANDS,2014,383
360,NORTH AMERICA,CAYMAN ISLANDS,2015,385
361,NORTH AMERICA,CAYMAN ISLANDS,2016,385
362,NORTH AMERICA,CAYMAN ISLANDS,2017,418
363,NORTH AMERICA,CAYMAN ISLANDS,2018,463
364,SOUTH AMERICA,CHILE,2008,2710
365,SOUTH AMERICA,CHILE,2009,2760
366,SOUTH AMERICA,CHILE,2010,2801
367,SOUTH AMERICA,CHILE,2011,3137
368,SOUTH AMERICA,CHILE,2012,3554
369,SOUTH AMERICA,CHILE,2013,3576
370,SOUTH AMERICA,CHILE,2014,3674
371,SOUTH AMERICA,CHILE,2015,4478
372,SOUTH AMERICA,CHILE,2016,5641
373,SOUTH AMERICA,CHILE,2017,6450
374,SOUTH AMERICA,CHILE,2018,5723
375,ASIA,CHINA,2008,53049
376,ASIA,CHINA,2009,50875
377,ASIA,CHINA,2010,55664
378,ASIA,CHINA,2011,57581
379,ASIA,CHINA,2012,57725
380,ASIA,CHINA,2013,55686
381,ASIA,CHINA,2014,55622
382,ASIA,CHINA,2015,56886
383,ASIA,CHINA,2016,59270
384,ASIA,CHINA,2017,60740
385,ASIA,CHINA,2018,62900
386,SOUTH AMERICA,COLOMBIA,2008,2545
387,SOUTH AMERICA,COLOMBIA,2009,2649
388,SOUTH AMERICA,COLOMBIA,2010,1701
389,SOUTH AMERICA,COLOMBIA,2011,2356
390,SOUTH AMERICA,COLOMBIA,2012,2434
391,SOUTH AMERICA,COLOMBIA,2013,2595
392,SOUTH AMERICA,COLOMBIA,2014,2866
393,SOUTH AMERICA,COLOMBIA,2015,3252
394,SOUTH AMERICA,COLOMBIA,2016,3559
395,SOUTH AMERICA,COLOMBIA,2017,3976
396,SOUTH AMERICA,COLOMBIA,2018,4282
397,AFRICA,COMOROS,2008,15
398,AFRICA,COMOROS,2009,11
399,AFRICA,COMOROS,2010,15
400,AFRICA,COMOROS,2011,19
401,AFRICA,COMOROS,2012,23
402,AFRICA,COMOROS,2013,22
403,AFRICA,COMOROS,2014,23
404,AFRICA,COMOROS,2015,24
405,AFRICA,COMOROS,2016,27
406,AFRICA,COMOROS,2017,28
407,AFRICA,COMOROS,2018,36
408,AFRICA,CONGO,2008,62
409,AFRICA,CONGO,2009,94
410,AFRICA,CONGO,2010,194
411,AFRICA,CONGO,2011,218
412,AFRICA,CONGO,2012,256
413,AFRICA,CONGO,2013,343
414,AFRICA,CONGO,2014,226
415,AFRICA,CONGO,2015,220
416,AFRICA,CONGO,2016,211
417,AFRICA,CONGO,2017,149
418,AFRICA,CONGO,2018,156
419,OCEANIA,COOK ISLANDS,2008,95
420,OCEANIA,COOK ISLANDS,2009,101
421,OCEANIA,COOK ISLANDS,2010,104
422,OCEANIA,COOK ISLANDS,2011,113
423,OCEANIA,COOK ISLANDS,2012,122
424,OCEANIA,COOK ISLANDS,2013,121
425,OCEANIA,COOK ISLANDS,2014,122
426,OCEANIA,COOK ISLANDS,2015,125
427,OCEANIA,COOK ISLANDS,2016,146
428,OCEANIA,COOK ISLANDS,2017,161
429,OCEANIA,COOK ISLANDS,2018,169
430,NORTH AMERICA,COSTA RICA,2008,2089
431,NORTH AMERICA,COSTA RICA,2009,1923
432,NORTH AMERICA,COSTA RICA,2010,2100
433,NORTH AMERICA,COSTA RICA,2011,2192
434,NORTH AMERICA,COSTA RICA,2012,2343
435,NORTH AMERICA,COSTA RICA,2013,2428
436,NORTH AMERICA,COSTA RICA,2014,2527
437,NORTH AMERICA,COSTA RICA,2015,2660
438,NORTH AMERICA,COSTA RICA,2016,2925
439,NORTH AMERICA,COSTA RICA,2017,2960
440,NORTH AMERICA,COSTA RICA,2018,3017
441,AFRICA,COTE D'IVOIRE,2008,205
442,AFRICA,COTE D'IVOIRE,2009,231
443,AFRICA,COTE D'IVOIRE,2010,252
444,AFRICA,COTE D'IVOIRE,2011,270
445,AFRICA,COTE D'IVOIRE,2012,289
446,AFRICA,COTE D'IVOIRE,2013,380
447,AFRICA,COTE D'IVOIRE,2014,471
448,AFRICA,COTE D'IVOIRE,2015,1441
449,AFRICA,COTE D'IVOIRE,2016,1583
450,AFRICA,COTE D'IVOIRE,2017,1800
451,AFRICA,COTE D'IVOIRE,2018,1965
452,EUROPE,CROATIA,2008,8665
453,EUROPE,CROATIA,2009,8694
454,EUROPE,CROATIA,2010,9111
455,EUROPE,CROATIA,2011,9927
456,EUROPE,CROATIA,2012,10369
457,EUROPE,CROATIA,2013,10948
458,EUROPE,CROATIA,2014,11623
459,EUROPE,CROATIA,2015,12683
460,EUROPE,CROATIA,2016,13809
461,EUROPE,CROATIA,2017,15593
462,EUROPE,CROATIA,2018,16645
463,NORTH AMERICA,CUBA,2008,2316
464,NORTH AMERICA,CUBA,2009,2405
465,NORTH AMERICA,CUBA,2010,2507
466,NORTH AMERICA,CUBA,2011,2688
467,NORTH AMERICA,CUBA,2012,2823
468,NORTH AMERICA,CUBA,2013,2839
469,NORTH AMERICA,CUBA,2014,2981
470,NORTH AMERICA,CUBA,2015,3506
471,NORTH AMERICA,CUBA,2016,3975
472,NORTH AMERICA,CUBA,2017,4594
473,NORTH AMERICA,CUBA,2018,4684
474,NORTH AMERICA,CURACAO,2008,409
475,NORTH AMERICA,CURACAO,2009,367
476,NORTH AMERICA,CURACAO,2010,342
477,NORTH AMERICA,CURACAO,2011,390
478,NORTH AMERICA,CURACAO,2012,421
479,NORTH AMERICA,CURACAO,2013,441
480,NORTH AMERICA,CURACAO,2014,452
481,NORTH AMERICA,CURACAO,2015,468
482,NORTH AMERICA,CURACAO,2016,441
483,NORTH AMERICA,CURACAO,2017,399
484,NORTH AMERICA,CURACAO,2018,432
485,EUROPE,CYPRUS,2008,2404
486,EUROPE,CYPRUS,2009,2141
487,EUROPE,CYPRUS,2010,2173
488,EUROPE,CYPRUS,2011,2392
489,EUROPE,CYPRUS,2012,2465
490,EUROPE,CYPRUS,2013,2405
491,EUROPE,CYPRUS,2014,2441
492,EUROPE,CYPRUS,2015,2659
493,EUROPE,CYPRUS,2016,3187
494,EUROPE,CYPRUS,2017,3652
495,EUROPE,CYPRUS,2018,3939
496,EUROPE,CZECH REPUBLIC,2008,6649
497,EUROPE,CZECH REPUBLIC,2009,6032
498,EUROPE,CZECH REPUBLIC,2010,6334
499,EUROPE,CZECH REPUBLIC,2011,6715
500,EUROPE,CZECH REPUBLIC,2012,7647
501,EUROPE,CZECH REPUBLIC,2013,7852
502,EUROPE,CZECH REPUBLIC,2014,8096
503,EUROPE,CZECH REPUBLIC,2015,8707
504,EUROPE,CZECH REPUBLIC,2016,9321
505,EUROPE,CZECH REPUBLIC,2017,10160
506,EUROPE,CZECH REPUBLIC,2018,10611
507,EUROPE,DENMARK,2008,9564
508,EUROPE,DENMARK,2009,9265
509,EUROPE,DENMARK,2010,9425
510,EUROPE,DENMARK,2011,8471
511,EUROPE,DENMARK,2012,8443
512,EUROPE,DENMARK,2013,8557
513,EUROPE,DENMARK,2014,10267
514,EUROPE,DENMARK,2015,10424
515,EUROPE,DENMARK,2016,10781
516,EUROPE,DENMARK,2017,12426
517,EUROPE,DENMARK,2018,12749
518,NORTH AMERICA,DOMINICA,2008,81
519,NORTH AMERICA,DOMINICA,2009,75
520,NORTH AMERICA,DOMINICA,2010,77
521,NORTH AMERICA,DOMINICA,2011,76
522,NORTH AMERICA,DOMINICA,2012,79
523,NORTH AMERICA,DOMINICA,2013,78
524,NORTH AMERICA,DOMINICA,2014,82
525,NORTH AMERICA,DOMINICA,2015,75
526,NORTH AMERICA,DOMINICA,2016,78
527,NORTH AMERICA,DOMINICA,2017,72
528,NORTH AMERICA,DOMINICA,2018,63
529,NORTH AMERICA,DOMINICAN REPUBLIC,2008,3980
530,NORTH AMERICA,DOMINICAN REPUBLIC,2009,3992
531,NORTH AMERICA,DOMINICAN REPUBLIC,2010,4125
532,NORTH AMERICA,DOMINICAN REPUBLIC,2011,4306
533,NORTH AMERICA,DOMINICAN REPUBLIC,2012,4563
534,NORTH AMERICA,DOMINICAN REPUBLIC,2013,4690
535,NORTH AMERICA,DOMINICAN REPUBLIC,2014,5141
536,NORTH AMERICA,DOMINICAN REPUBLIC,2015,5600
537,NORTH AMERICA,DOMINICAN REPUBLIC,2016,5959
538,NORTH AMERICA,DOMINICAN REPUBLIC,2017,6188
539,NORTH AMERICA,DOMINICAN REPUBLIC,2018,6569
540,SOUTH AMERICA,ECUADOR,2008,1005
541,SOUTH AMERICA,ECUADOR,2009,968
542,SOUTH AMERICA,ECUADOR,2010,1047
543,SOUTH AMERICA,ECUADOR,2011,1141
544,SOUTH AMERICA,ECUADOR,2012,1272
545,SOUTH AMERICA,ECUADOR,2013,1364
546,SOUTH AMERICA,ECUADOR,2014,1695
547,SOUTH AMERICA,ECUADOR,2015,1676
548,SOUTH AMERICA,ECUADOR,2016,1569
549,SOUTH AMERICA,ECUADOR,2017,1806
550,SOUTH AMERICA,ECUADOR,2018,2535
551,AFRICA,EGYPT,2008,12296
552,AFRICA,EGYPT,2009,11914
553,AFRICA,EGYPT,2010,14051
554,AFRICA,EGYPT,2011,9497
555,AFRICA,EGYPT,2012,11196
556,AFRICA,EGYPT,2013,9174
557,AFRICA,EGYPT,2014,9628
558,AFRICA,EGYPT,2015,9139
559,AFRICA,EGYPT,2016,5258
560,AFRICA,EGYPT,2017,8157
561,AFRICA,EGYPT,2018,11196
562,NORTH AMERICA,EL SALVADOR,2008,1385
563,NORTH AMERICA,EL SALVADOR,2009,1091
564,NORTH AMERICA,EL SALVADOR,2010,1150
565,NORTH AMERICA,EL SALVADOR,2011,1184
566,NORTH AMERICA,EL SALVADOR,2012,1255
567,NORTH AMERICA,EL SALVADOR,2013,1283
568,NORTH AMERICA,EL SALVADOR,2014,1345
569,NORTH AMERICA,EL SALVADOR,2015,1402
570,NORTH AMERICA,EL SALVADOR,2016,1434
571,NORTH AMERICA,EL SALVADOR,2017,1556
572,NORTH AMERICA,EL SALVADOR,2018,1677
573,EUROPE,ESTONIA,2008,2222
574,EUROPE,ESTONIA,2009,2180
575,EUROPE,ESTONIA,2010,2511
576,EUROPE,ESTONIA,2011,2823
577,EUROPE,ESTONIA,2012,2957
578,EUROPE,ESTONIA,2013,3111
579,EUROPE,ESTONIA,2014,3160
580,EUROPE,ESTONIA,2015,2961
581,EUROPE,ESTONIA,2016,3131
582,EUROPE,ESTONIA,2017,3244
583,EUROPE,ESTONIA,2018,3234
584,AFRICA,ESWATINI,2008,756
585,AFRICA,ESWATINI,2009,908
586,AFRICA,ESWATINI,2010,868
587,AFRICA,ESWATINI,2011,879
588,AFRICA,ESWATINI,2012,888
589,AFRICA,ESWATINI,2013,968
590,AFRICA,ESWATINI,2014,939
591,AFRICA,ESWATINI,2015,873
592,AFRICA,ESWATINI,2016,947
593,AFRICA,ESWATINI,2017,921
594,AFRICA,ESWATINI,2018,782
595,AFRICA,ETHIOPIA,2008,383
596,AFRICA,ETHIOPIA,2009,427
597,AFRICA,ETHIOPIA,2010,468
598,AFRICA,ETHIOPIA,2011,523
599,AFRICA,ETHIOPIA,2012,597
600,AFRICA,ETHIOPIA,2013,681
601,AFRICA,ETHIOPIA,2014,770
602,AFRICA,ETHIOPIA,2015,864
603,AFRICA,ETHIOPIA,2016,871
604,AFRICA,ETHIOPIA,2017,933
605,AFRICA,ETHIOPIA,2018,849
606,OCEANIA,FIJI,2008,585
607,OCEANIA,FIJI,2009,542
608,OCEANIA,FIJI,2010,632
609,OCEANIA,FIJI,2011,675
610,OCEANIA,FIJI,2012,661
611,OCEANIA,FIJI,2013,659
612,OCEANIA,FIJI,2014,693
613,OCEANIA,FIJI,2015,755
614,OCEANIA,FIJI,2016,792
615,OCEANIA,FIJI,2017,843
616,OCEANIA,FIJI,2018,870
617,EUROPE,FINLAND,2008,2494
618,EUROPE,FINLAND,2009,2220
619,EUROPE,FINLAND,2010,2319
620,EUROPE,FINLAND,2011,2623
621,EUROPE,FINLAND,2012,2778
622,EUROPE,FINLAND,2013,2797
623,EUROPE,FINLAND,2014,2731
624,EUROPE,FINLAND,2015,2622
625,EUROPE,FINLAND,2016,2789
626,EUROPE,FINLAND,2017,3180
627,EUROPE,FINLAND,2018,3224
628,EUROPE,FRANCE,2008,79218
629,EUROPE,FRANCE,2009,76764
630,EUROPE,FRANCE,2010,76647
631,EUROPE,FRANCE,2011,80499
632,EUROPE,FRANCE,2012,81980
633,EUROPE,FRANCE,2013,83634
634,EUROPE,FRANCE,2014,83701
635,EUROPE,FRANCE,2015,84452
636,EUROPE,FRANCE,2016,82682
637,EUROPE,FRANCE,2017,86758
638,EUROPE,FRANCE,2018,89322
639,OCEANIA,FRENCH POLYNESIA,2008,196
640,OCEANIA,FRENCH POLYNESIA,2009,160
641,OCEANIA,FRENCH POLYNESIA,2010,154
642,OCEANIA,FRENCH POLYNESIA,2011,163
643,OCEANIA,FRENCH POLYNESIA,2012,169
644,OCEANIA,FRENCH POLYNESIA,2013,164
645,OCEANIA,FRENCH POLYNESIA,2014,181
646,OCEANIA,FRENCH POLYNESIA,2015,184
647,OCEANIA,FRENCH POLYNESIA,2016,192
648,OCEANIA,FRENCH POLYNESIA,2017,199
649,OCEANIA,FRENCH POLYNESIA,2018,216
650,AFRICA,GAMBIA,2008,147
651,AFRICA,GAMBIA,2009,142
652,AFRICA,GAMBIA,2010,91
653,AFRICA,GAMBIA,2011,106
654,AFRICA,GAMBIA,2012,157
655,AFRICA,GAMBIA,2013,171
656,AFRICA,GAMBIA,2014,156
657,AFRICA,GAMBIA,2015,449
658,AFRICA,GAMBIA,2016,450
659,AFRICA,GAMBIA,2017,522
660,AFRICA,GAMBIA,2018,552
661,ASIA,GEORGIA,2008,1290
662,ASIA,GEORGIA,2009,1500
663,ASIA,GEORGIA,2010,2032
664,ASIA,GEORGIA,2011,2712
665,ASIA,GEORGIA,2012,4106
666,ASIA,GEORGIA,2013,4954
667,ASIA,GEORGIA,2014,5004
668,ASIA,GEORGIA,2015,5256
669,ASIA,GEORGIA,2016,5393
670,ASIA,GEORGIA,2017,6483
671,ASIA,GEORGIA,2018,7203
672,EUROPE,GERMANY,2008,24884
673,EUROPE,GERMANY,2009,24220
674,EUROPE,GERMANY,2010,26875
675,EUROPE,GERMANY,2011,28374
676,EUROPE,GERMANY,2012,30411
677,EUROPE,GERMANY,2013,31545
678,EUROPE,GERMANY,2014,32999
679,EUROPE,GERMANY,2015,34970
680,EUROPE,GERMANY,2016,35555
681,EUROPE,GERMANY,2017,37452
682,EUROPE,GERMANY,2018,38881
683,EUROPE,GREECE,2008,15939
684,EUROPE,GREECE,2009,14915
685,EUROPE,GREECE,2010,15007
686,EUROPE,GREECE,2011,16427
687,EUROPE,GREECE,2012,15518
688,EUROPE,GREECE,2013,17920
689,EUROPE,GREECE,2014,22033
690,EUROPE,GREECE,2015,23599
691,EUROPE,GREECE,2016,24799
692,EUROPE,GREECE,2017,27194
693,EUROPE,GREECE,2018,30123
694,NORTH AMERICA,GRENADA,2008,130
695,NORTH AMERICA,GRENADA,2009,114
696,NORTH AMERICA,GRENADA,2010,110
697,NORTH AMERICA,GRENADA,2011,118
698,NORTH AMERICA,GRENADA,2012,125
699,NORTH AMERICA,GRENADA,2013,128
700,NORTH AMERICA,GRENADA,2014,150
701,NORTH AMERICA,GRENADA,2015,155
702,NORTH AMERICA,GRENADA,2016,156
703,NORTH AMERICA,GRENADA,2017,168
704,NORTH AMERICA,GRENADA,2018,185
705,NORTH AMERICA,GUADELOUPE,2008,412
706,NORTH AMERICA,GUADELOUPE,2009,347
707,NORTH AMERICA,GUADELOUPE,2010,392
708,NORTH AMERICA,GUADELOUPE,2011,317
709,NORTH AMERICA,GUADELOUPE,2012,325
710,NORTH AMERICA,GUADELOUPE,2013,487
711,NORTH AMERICA,GUADELOUPE,2014,486
712,NORTH AMERICA,GUADELOUPE,2015,512
713,NORTH AMERICA,GUADELOUPE,2016,581
714,NORTH AMERICA,GUADELOUPE,2017,650
715,NORTH AMERICA,GUADELOUPE,2018,735
716,OCEANIA,GUAM,2008,1142
717,OCEANIA,GUAM,2009,1053
718,OCEANIA,GUAM,2010,1197
719,OCEANIA,GUAM,2011,1160
720,OCEANIA,GUAM,2012,1308
721,OCEANIA,GUAM,2013,1334
722,OCEANIA,GUAM,2014,1343
723,OCEANIA,GUAM,2015,1409
724,OCEANIA,GUAM,2016,1536
725,OCEANIA,GUAM,2017,1545
726,OCEANIA,GUAM,2018,1549
727,NORTH AMERICA,GUATEMALA,2008,1715
728,NORTH AMERICA,GUATEMALA,2009,1393
729,NORTH AMERICA,GUATEMALA,2010,1384
730,NORTH AMERICA,GUATEMALA,2011,1434
731,NORTH AMERICA,GUATEMALA,2012,1491
732,NORTH AMERICA,GUATEMALA,2013,1516
733,NORTH AMERICA,GUATEMALA,2014,1739
734,NORTH AMERICA,GUATEMALA,2015,1865
735,NORTH AMERICA,GUATEMALA,2016,1906
736,NORTH AMERICA,GUATEMALA,2017,2113
737,NORTH AMERICA,GUATEMALA,2018,2406
738,SOUTH AMERICA,GUYANA,2008,130
739,SOUTH AMERICA,GUYANA,2009,141
740,SOUTH AMERICA,GUYANA,2010,152
741,SOUTH AMERICA,GUYANA,2011,157
742,SOUTH AMERICA,GUYANA,2012,177
743,SOUTH AMERICA,GUYANA,2013,200
744,SOUTH AMERICA,GUYANA,2014,206
745,SOUTH AMERICA,GUYANA,2015,207
746,SOUTH AMERICA,GUYANA,2016,235
747,SOUTH AMERICA,GUYANA,2017,247
748,SOUTH AMERICA,GUYANA,2018,287
749,NORTH AMERICA,HAITI,2008,258
750,NORTH AMERICA,HAITI,2009,387
751,NORTH AMERICA,HAITI,2010,255
752,NORTH AMERICA,HAITI,2011,349
753,NORTH AMERICA,HAITI,2012,349
754,NORTH AMERICA,HAITI,2013,420
755,NORTH AMERICA,HAITI,2014,465
756,NORTH AMERICA,HAITI,2015,516
757,NORTH AMERICA,HAITI,2016,445
758,NORTH AMERICA,HAITI,2017,467
759,NORTH AMERICA,HAITI,2018,447
760,ASIA,"HONG KONG, CHINA",2008,29507
761,ASIA,"HONG KONG, CHINA",2009,29591
762,ASIA,"HONG KONG, CHINA",2010,36030
763,ASIA,"HONG KONG, CHINA",2011,41921
764,ASIA,"HONG KONG, CHINA",2012,48615
765,ASIA,"HONG KONG, CHINA",2013,54299
766,ASIA,"HONG KONG, CHINA",2014,60839
767,ASIA,"HONG KONG, CHINA",2015,59308
768,ASIA,"HONG KONG, CHINA",2016,56655
769,ASIA,"HONG KONG, CHINA",2017,58472
770,ASIA,"HONG KONG, CHINA",2018,65148
771,EUROPE,HUNGARY,2008,8814
772,EUROPE,HUNGARY,2009,9058
773,EUROPE,HUNGARY,2010,9510
774,EUROPE,HUNGARY,2011,10250
775,EUROPE,HUNGARY,2012,10353
776,EUROPE,HUNGARY,2013,10624
777,EUROPE,HUNGARY,2014,12140
778,EUROPE,HUNGARY,2015,14316
779,EUROPE,HUNGARY,2016,15255
780,EUROPE,HUNGARY,2017,15785
781,EUROPE,HUNGARY,2018,17552
782,EUROPE,ICELAND,2008,502
783,EUROPE,ICELAND,2009,494
784,EUROPE,ICELAND,2010,489
785,EUROPE,ICELAND,2011,566
786,EUROPE,ICELAND,2012,673
787,EUROPE,ICELAND,2013,807
788,EUROPE,ICELAND,2014,997
789,EUROPE,ICELAND,2015,1289
790,EUROPE,ICELAND,2016,1792
791,EUROPE,ICELAND,2017,2225
792,EUROPE,ICELAND,2018,2344
793,ASIA,INDIA,2008,5283
794,ASIA,INDIA,2009,5168
795,ASIA,INDIA,2010,5776
796,ASIA,INDIA,2011,6309
797,ASIA,INDIA,2012,6578
798,ASIA,INDIA,2013,6968
799,ASIA,INDIA,2014,13107
800,ASIA,INDIA,2015,13284
801,ASIA,INDIA,2016,14570
802,ASIA,INDIA,2017,15543
803,ASIA,INDIA,2018,17423
804,ASIA,INDONESIA,2008,6234
805,ASIA,INDONESIA,2009,6324
806,ASIA,INDONESIA,2010,7003
807,ASIA,INDONESIA,2011,7650
808,ASIA,INDONESIA,2012,8044
809,ASIA,INDONESIA,2013,8802
810,ASIA,INDONESIA,2014,9435
811,ASIA,INDONESIA,2015,10407
812,ASIA,INDONESIA,2016,11519
813,ASIA,INDONESIA,2017,14040
814,ASIA,INDONESIA,2018,15810
815,ASIA,"IRAN, ISLAMIC REPUBLIC OF",2008,2034
816,ASIA,"IRAN, ISLAMIC REPUBLIC OF",2009,2116
817,ASIA,"IRAN, ISLAMIC REPUBLIC OF",2010,2938
818,ASIA,"IRAN, ISLAMIC REPUBLIC OF",2011,3354
819,ASIA,"IRAN, ISLAMIC REPUBLIC OF",2012,3834
820,ASIA,"IRAN, ISLAMIC REPUBLIC OF",2013,4769
821,ASIA,"IRAN, ISLAMIC REPUBLIC OF",2014,4968
822,ASIA,"IRAN, ISLAMIC REPUBLIC OF",2015,5237
823,ASIA,"IRAN, ISLAMIC REPUBLIC OF",2016,4942
824,ASIA,"IRAN, ISLAMIC REPUBLIC OF",2017,4867
825,ASIA,"IRAN, ISLAMIC REPUBLIC OF",2018,7295
826,EUROPE,IRELAND,2008,8026
827,EUROPE,IRELAND,2009,7189
828,EUROPE,IRELAND,2010,7134
829,EUROPE,IRELAND,2011,7630
830,EUROPE,IRELAND,2012,7550
831,EUROPE,IRELAND,2013,8260
832,EUROPE,IRELAND,2014,8813
833,EUROPE,IRELAND,2015,9528
834,EUROPE,IRELAND,2016,10100
835,EUROPE,IRELAND,2017,10338
836,EUROPE,IRELAND,2018,10926
837,ASIA,ISRAEL,2008,2572
838,ASIA,ISRAEL,2009,2321
839,ASIA,ISRAEL,2010,2803
840,ASIA,ISRAEL,2011,2820
841,ASIA,ISRAEL,2012,2886
842,ASIA,ISRAEL,2013,2962
843,ASIA,ISRAEL,2014,2927
844,ASIA,ISRAEL,2015,2799
845,ASIA,ISRAEL,2016,2900
846,ASIA,ISRAEL,2017,3613
847,ASIA,ISRAEL,2018,4121
848,EUROPE,ITALY,2008,42734
849,EUROPE,ITALY,2009,43239
850,EUROPE,ITALY,2010,43626
851,EUROPE,ITALY,2011,46119
852,EUROPE,ITALY,2012,46360
853,EUROPE,ITALY,2013,47704
854,EUROPE,ITALY,2014,48576
855,EUROPE,ITALY,2015,50732
856,EUROPE,ITALY,2016,52372
857,EUROPE,ITALY,2017,58253
858,EUROPE,ITALY,2018,61567
859,NORTH AMERICA,JAMAICA,2008,1767
860,NORTH AMERICA,JAMAICA,2009,1831
861,NORTH AMERICA,JAMAICA,2010,1922
862,NORTH AMERICA,JAMAICA,2011,1952
863,NORTH AMERICA,JAMAICA,2012,1986
864,NORTH AMERICA,JAMAICA,2013,2008
865,NORTH AMERICA,JAMAICA,2014,2080
866,NORTH AMERICA,JAMAICA,2015,2123
867,NORTH AMERICA,JAMAICA,2016,2182
868,NORTH AMERICA,JAMAICA,2017,2353
869,NORTH AMERICA,JAMAICA,2018,2473
870,ASIA,JAPAN,2008,8351
871,ASIA,JAPAN,2009,6790
872,ASIA,JAPAN,2010,8611
873,ASIA,JAPAN,2011,6219
874,ASIA,JAPAN,2012,8358
875,ASIA,JAPAN,2013,10364
876,ASIA,JAPAN,2014,13413
877,ASIA,JAPAN,2015,19737
878,ASIA,JAPAN,2016,24040
879,ASIA,JAPAN,2017,28691
880,ASIA,JAPAN,2018,31192
881,ASIA,JORDAN,2008,3729
882,ASIA,JORDAN,2009,3789
883,ASIA,JORDAN,2010,4207
884,ASIA,JORDAN,2011,3960
885,ASIA,JORDAN,2012,4162
886,ASIA,JORDAN,2013,3945
887,ASIA,JORDAN,2014,3990
888,ASIA,JORDAN,2015,3761
889,ASIA,JORDAN,2016,3567
890,ASIA,JORDAN,2017,3844
891,ASIA,JORDAN,2018,4150
892,ASIA,KAZAKHSTAN,2008,4117
893,ASIA,KAZAKHSTAN,2009,3774
894,ASIA,KAZAKHSTAN,2010,4097
895,ASIA,KAZAKHSTAN,2011,5685
896,ASIA,KAZAKHSTAN,2012,6163
897,ASIA,KAZAKHSTAN,2013,6841
898,ASIA,KAZAKHSTAN,2014,6333
899,ASIA,KAZAKHSTAN,2015,6430
900,ASIA,KAZAKHSTAN,2016,6509
901,ASIA,KAZAKHSTAN,2017,7701
902,ASIA,KAZAKHSTAN,2018,8789
903,OCEANIA,KIRIBATI,2008,4
904,OCEANIA,KIRIBATI,2009,4
905,OCEANIA,KIRIBATI,2010,5
906,OCEANIA,KIRIBATI,2011,5
907,OCEANIA,KIRIBATI,2012,5
908,OCEANIA,KIRIBATI,2013,6
909,OCEANIA,KIRIBATI,2014,5
910,OCEANIA,KIRIBATI,2015,4
911,OCEANIA,KIRIBATI,2016,6
912,OCEANIA,KIRIBATI,2017,6
913,OCEANIA,KIRIBATI,2018,7
914,ASIA,"KOREA, REPUBLIC OF",2008,6891
915,ASIA,"KOREA, REPUBLIC OF",2009,7818
916,ASIA,"KOREA, REPUBLIC OF",2010,8798
917,ASIA,"KOREA, REPUBLIC OF",2011,9795
918,ASIA,"KOREA, REPUBLIC OF",2012,11140
919,ASIA,"KOREA, REPUBLIC OF",2013,12176
920,ASIA,"KOREA, REPUBLIC OF",2014,14202
921,ASIA,"KOREA, REPUBLIC OF",2015,13232
922,ASIA,"KOREA, REPUBLIC OF",2016,17242
923,ASIA,"KOREA, REPUBLIC OF",2017,13336
924,ASIA,"KOREA, REPUBLIC OF",2018,15347
925,ASIA,KUWAIT,2008,4736
926,ASIA,KUWAIT,2009,5088
927,ASIA,KUWAIT,2010,5208
928,ASIA,KUWAIT,2011,5574
929,ASIA,KUWAIT,2012,5729
930,ASIA,KUWAIT,2013,6217
931,ASIA,KUWAIT,2014,6528
932,ASIA,KUWAIT,2015,6941
933,ASIA,KUWAIT,2016,7055
934,ASIA,KUWAIT,2017,7407
935,ASIA,KUWAIT,2018,8508
936,ASIA,KYRGYZSTAN,2008,2379
937,ASIA,KYRGYZSTAN,2009,2451
938,ASIA,KYRGYZSTAN,2010,1224
939,ASIA,KYRGYZSTAN,2011,3025
940,ASIA,KYRGYZSTAN,2012,3393
941,ASIA,KYRGYZSTAN,2013,4134
942,ASIA,KYRGYZSTAN,2014,3791
943,ASIA,KYRGYZSTAN,2015,4000
944,ASIA,KYRGYZSTAN,2016,3853
945,ASIA,KYRGYZSTAN,2017,4568
946,ASIA,KYRGYZSTAN,2018,6947
947,ASIA,LAO PEOPLE'S DEMOCRATIC REPUBLIC,2008,1295
948,ASIA,LAO PEOPLE'S DEMOCRATIC REPUBLIC,2009,1239
949,ASIA,LAO PEOPLE'S DEMOCRATIC REPUBLIC,2010,1670
950,ASIA,LAO PEOPLE'S DEMOCRATIC REPUBLIC,2011,1894
951,ASIA,LAO PEOPLE'S DEMOCRATIC REPUBLIC,2012,2291
952,ASIA,LAO PEOPLE'S DEMOCRATIC REPUBLIC,2013,2700
953,ASIA,LAO PEOPLE'S DEMOCRATIC REPUBLIC,2014,3164
954,ASIA,LAO PEOPLE'S DEMOCRATIC REPUBLIC,2015,3543
955,ASIA,LAO PEOPLE'S DEMOCRATIC REPUBLIC,2016,3315
956,ASIA,LAO PEOPLE'S DEMOCRATIC REPUBLIC,2017,3257
957,ASIA,LAO PEOPLE'S DEMOCRATIC REPUBLIC,2018,3770
958,EUROPE,LATVIA,2008,1684
959,EUROPE,LATVIA,2009,1323
960,EUROPE,LATVIA,2010,1373
961,EUROPE,LATVIA,2011,1493
962,EUROPE,LATVIA,2012,1435
963,EUROPE,LATVIA,2013,1536
964,EUROPE,LATVIA,2014,1843
965,EUROPE,LATVIA,2015,2024
966,EUROPE,LATVIA,2016,1793
967,EUROPE,LATVIA,2017,1949
968,EUROPE,LATVIA,2018,1946
969,ASIA,LEBANON,2008,1333
970,ASIA,LEBANON,2009,1844
971,ASIA,LEBANON,2010,2168
972,ASIA,LEBANON,2011,1655
973,ASIA,LEBANON,2012,1366
974,ASIA,LEBANON,2013,1274
975,ASIA,LEBANON,2014,1355
976,ASIA,LEBANON,2015,1518
977,ASIA,LEBANON,2016,1688
978,ASIA,LEBANON,2017,1857
979,ASIA,LEBANON,2018,1964
980,AFRICA,LESOTHO,2008,293
981,AFRICA,LESOTHO,2009,344
982,AFRICA,LESOTHO,2010,426
983,AFRICA,LESOTHO,2011,398
984,AFRICA,LESOTHO,2012,423
985,AFRICA,LESOTHO,2013,433
986,AFRICA,LESOTHO,2014,1079
987,AFRICA,LESOTHO,2015,1082
988,AFRICA,LESOTHO,2016,1196
989,AFRICA,LESOTHO,2017,1137
990,AFRICA,LESOTHO,2018,1173
991,EUROPE,LIECHTENSTEIN,2008,73
992,EUROPE,LIECHTENSTEIN,2009,67
993,EUROPE,LIECHTENSTEIN,2010,64
994,EUROPE,LIECHTENSTEIN,2011,67
995,EUROPE,LIECHTENSTEIN,2012,62
996,EUROPE,LIECHTENSTEIN,2013,60
997,EUROPE,LIECHTENSTEIN,2014,61
998,EUROPE,LIECHTENSTEIN,2015,57
999,EUROPE,LIECHTENSTEIN,2016,69
1000,EUROPE,LIECHTENSTEIN,2017,79
1001,EUROPE,LIECHTENSTEIN,2018,85
1002,EUROPE,LITHUANIA,2008,1611
1003,EUROPE,LITHUANIA,2009,1341
1004,EUROPE,LITHUANIA,2010,1507
1005,EUROPE,LITHUANIA,2011,1775
1006,EUROPE,LITHUANIA,2012,1900
1007,EUROPE,LITHUANIA,2013,2012
1008,EUROPE,LITHUANIA,2014,2063
1009,EUROPE,LITHUANIA,2015,2071
1010,EUROPE,LITHUANIA,2016,2296
1011,EUROPE,LITHUANIA,2017,2523
1012,EUROPE,LITHUANIA,2018,2825
1013,EUROPE,LUXEMBOURG,2008,877
1014,EUROPE,LUXEMBOURG,2009,847
1015,EUROPE,LUXEMBOURG,2010,805
1016,EUROPE,LUXEMBOURG,2011,874
1017,EUROPE,LUXEMBOURG,2012,950
1018,EUROPE,LUXEMBOURG,2013,945
1019,EUROPE,LUXEMBOURG,2014,1038
1020,EUROPE,LUXEMBOURG,2015,1090
1021,EUROPE,LUXEMBOURG,2016,1054
1022,EUROPE,LUXEMBOURG,2017,1046
1023,EUROPE,LUXEMBOURG,2018,1018
1024,ASIA,"MACAO, CHINA",2008,10610
1025,ASIA,"MACAO, CHINA",2009,10402
1026,ASIA,"MACAO, CHINA",2010,11926
1027,ASIA,"MACAO, CHINA",2011,12925
1028,ASIA,"MACAO, CHINA",2012,13577
1029,ASIA,"MACAO, CHINA",2013,14268
1030,ASIA,"MACAO, CHINA",2014,14566
1031,ASIA,"MACAO, CHINA",2015,14308
1032,ASIA,"MACAO, CHINA",2016,15704
1033,ASIA,"MACAO, CHINA",2017,17255
1034,ASIA,"MACAO, CHINA",2018,18493
1035,AFRICA,MADAGASCAR,2008,375
1036,AFRICA,MADAGASCAR,2009,163
1037,AFRICA,MADAGASCAR,2010,196
1038,AFRICA,MADAGASCAR,2011,225
1039,AFRICA,MADAGASCAR,2012,256
1040,AFRICA,MADAGASCAR,2013,196
1041,AFRICA,MADAGASCAR,2014,222
1042,AFRICA,MADAGASCAR,2015,244
1043,AFRICA,MADAGASCAR,2016,293
1044,AFRICA,MADAGASCAR,2017,255
1045,AFRICA,MADAGASCAR,2018,291
1046,AFRICA,MALAWI,2008,742
1047,AFRICA,MALAWI,2009,755
1048,AFRICA,MALAWI,2010,746
1049,AFRICA,MALAWI,2011,767
1050,AFRICA,MALAWI,2012,770
1051,AFRICA,MALAWI,2013,795
1052,AFRICA,MALAWI,2014,819
1053,AFRICA,MALAWI,2015,805
1054,AFRICA,MALAWI,2016,849
1055,AFRICA,MALAWI,2017,837
1056,AFRICA,MALAWI,2018,871
1057,ASIA,MALAYSIA,2008,22052
1058,ASIA,MALAYSIA,2009,23646
1059,ASIA,MALAYSIA,2010,24577
1060,ASIA,MALAYSIA,2011,24714
1061,ASIA,MALAYSIA,2012,25033
1062,ASIA,MALAYSIA,2013,25715
1063,ASIA,MALAYSIA,2014,27437
1064,ASIA,MALAYSIA,2015,25721
1065,ASIA,MALAYSIA,2016,26757
1066,ASIA,MALAYSIA,2017,25948
1067,ASIA,MALAYSIA,2018,25832
1068,ASIA,MALDIVES,2008,683
1069,ASIA,MALDIVES,2009,656
1070,ASIA,MALDIVES,2010,792
1071,ASIA,MALDIVES,2011,931
1072,ASIA,MALDIVES,2012,958
1073,ASIA,MALDIVES,2013,1125
1074,ASIA,MALDIVES,2014,1205
1075,ASIA,MALDIVES,2015,1234
1076,ASIA,MALDIVES,2016,1286
1077,ASIA,MALDIVES,2017,1390
1078,ASIA,MALDIVES,2018,1484
1079,EUROPE,MALTA,2008,1291
1080,EUROPE,MALTA,2009,1182
1081,EUROPE,MALTA,2010,1339
1082,EUROPE,MALTA,2011,1415
1083,EUROPE,MALTA,2012,1443
1084,EUROPE,MALTA,2013,1582
1085,EUROPE,MALTA,2014,1690
1086,EUROPE,MALTA,2015,1783
1087,EUROPE,MALTA,2016,1966
1088,EUROPE,MALTA,2017,2274
1089,EUROPE,MALTA,2018,2599
1090,NORTH AMERICA,MARTINIQUE,2008,481
1091,NORTH AMERICA,MARTINIQUE,2009,442
1092,NORTH AMERICA,MARTINIQUE,2010,478
1093,NORTH AMERICA,MARTINIQUE,2011,497
1094,NORTH AMERICA,MARTINIQUE,2012,488
1095,NORTH AMERICA,MARTINIQUE,2013,490
1096,NORTH AMERICA,MARTINIQUE,2014,490
1097,NORTH AMERICA,MARTINIQUE,2015,487
1098,NORTH AMERICA,MARTINIQUE,2016,519
1099,NORTH AMERICA,MARTINIQUE,2017,536
1100,NORTH AMERICA,MARTINIQUE,2018,537
1101,AFRICA,MAURITIUS,2008,930
1102,AFRICA,MAURITIUS,2009,871
1103,AFRICA,MAURITIUS,2010,935
1104,AFRICA,MAURITIUS,2011,965
1105,AFRICA,MAURITIUS,2012,965
1106,AFRICA,MAURITIUS,2013,993
1107,AFRICA,MAURITIUS,2014,1038
1108,AFRICA,MAURITIUS,2015,1151
1109,AFRICA,MAURITIUS,2016,1275
1110,AFRICA,MAURITIUS,2017,1342
1111,AFRICA,MAURITIUS,2018,1399
1112,NORTH AMERICA,MEXICO,2008,22931
1113,NORTH AMERICA,MEXICO,2009,22346
1114,NORTH AMERICA,MEXICO,2010,23290
1115,NORTH AMERICA,MEXICO,2011,23403
1116,NORTH AMERICA,MEXICO,2012,23403
1117,NORTH AMERICA,MEXICO,2013,24151
1118,NORTH AMERICA,MEXICO,2014,29346
1119,NORTH AMERICA,MEXICO,2015,32093
1120,NORTH AMERICA,MEXICO,2016,35079
1121,NORTH AMERICA,MEXICO,2017,39291
1122,NORTH AMERICA,MEXICO,2018,41313
1123,OCEANIA,"MICRONESIA, FEDERATED STATES OF",2018,19
1124,EUROPE,"MOLDOVA, REPUBLIC OF",2008,73
1125,EUROPE,"MOLDOVA, REPUBLIC OF",2009,60
1126,EUROPE,"MOLDOVA, REPUBLIC OF",2010,64
1127,EUROPE,"MOLDOVA, REPUBLIC OF",2011,75
1128,EUROPE,"MOLDOVA, REPUBLIC OF",2012,89
1129,EUROPE,"MOLDOVA, REPUBLIC OF",2013,96
1130,EUROPE,"MOLDOVA, REPUBLIC OF",2014,94
1131,EUROPE,"MOLDOVA, REPUBLIC OF",2015,94
1132,EUROPE,"MOLDOVA, REPUBLIC OF",2016,121
1133,EUROPE,"MOLDOVA, REPUBLIC OF",2017,145
1134,EUROPE,"MOLDOVA, REPUBLIC OF",2018,160
1135,EUROPE,MONACO,2008,324
1136,EUROPE,MONACO,2009,265
1137,EUROPE,MONACO,2010,279
1138,EUROPE,MONACO,2011,295
1139,EUROPE,MONACO,2012,292
1140,EUROPE,MONACO,2013,328
1141,EUROPE,MONACO,2014,329
1142,EUROPE,MONACO,2015,331
1143,EUROPE,MONACO,2016,336
1144,EUROPE,MONACO,2017,355
1145,EUROPE,MONACO,2018,347
1146,ASIA,MONGOLIA,2008,469
1147,ASIA,MONGOLIA,2009,465
1148,ASIA,MONGOLIA,2010,557
1149,ASIA,MONGOLIA,2011,627
1150,ASIA,MONGOLIA,2012,624
1151,ASIA,MONGOLIA,2013,515
1152,ASIA,MONGOLIA,2014,506
1153,ASIA,MONGOLIA,2015,467
1154,ASIA,MONGOLIA,2016,471
1155,ASIA,MONGOLIA,2017,543
1156,ASIA,MONGOLIA,2018,598
1157,EUROPE,MONTENEGRO,2008,1031
1158,EUROPE,MONTENEGRO,2009,1044
1159,EUROPE,MONTENEGRO,2010,1088
1160,EUROPE,MONTENEGRO,2011,1201
1161,EUROPE,MONTENEGRO,2012,1264
1162,EUROPE,MONTENEGRO,2013,1324
1163,EUROPE,MONTENEGRO,2014,1350
1164,EUROPE,MONTENEGRO,2015,1560
1165,EUROPE,MONTENEGRO,2016,1662
1166,EUROPE,MONTENEGRO,2017,1877
1167,EUROPE,MONTENEGRO,2018,2077
1168,NORTH AMERICA,MONTSERRAT,2008,7
1169,NORTH AMERICA,MONTSERRAT,2009,6
1170,NORTH AMERICA,MONTSERRAT,2010,6
1171,NORTH AMERICA,MONTSERRAT,2011,5
1172,NORTH AMERICA,MONTSERRAT,2012,7
1173,NORTH AMERICA,MONTSERRAT,2013,7
1174,NORTH AMERICA,MONTSERRAT,2014,9
1175,NORTH AMERICA,MONTSERRAT,2015,9
1176,NORTH AMERICA,MONTSERRAT,2016,9
1177,NORTH AMERICA,MONTSERRAT,2017,9
1178,NORTH AMERICA,MONTSERRAT,2018,9
1179,AFRICA,MOROCCO,2008,7879
1180,AFRICA,MOROCCO,2009,8341
1181,AFRICA,MOROCCO,2010,9288
1182,AFRICA,MOROCCO,2011,9342
1183,AFRICA,MOROCCO,2012,9375
1184,AFRICA,MOROCCO,2013,10046
1185,AFRICA,MOROCCO,2014,10283
1186,AFRICA,MOROCCO,2015,10177
1187,AFRICA,MOROCCO,2016,10332
1188,AFRICA,MOROCCO,2017,11349
1189,AFRICA,MOROCCO,2018,12289
1190,AFRICA,MOZAMBIQUE,2008,1193
1191,AFRICA,MOZAMBIQUE,2009,1461
1192,AFRICA,MOZAMBIQUE,2010,1718
1193,AFRICA,MOZAMBIQUE,2011,1902
1194,AFRICA,MOZAMBIQUE,2012,2113
1195,AFRICA,MOZAMBIQUE,2013,1886
1196,AFRICA,MOZAMBIQUE,2014,1661
1197,AFRICA,MOZAMBIQUE,2015,1552
1198,AFRICA,MOZAMBIQUE,2016,1639
1199,AFRICA,MOZAMBIQUE,2017,1447
1200,AFRICA,MOZAMBIQUE,2018,2743
1201,ASIA,MYANMAR,2008,731
1202,ASIA,MYANMAR,2009,763
1203,ASIA,MYANMAR,2010,792
1204,ASIA,MYANMAR,2011,816
1205,ASIA,MYANMAR,2012,1059
1206,ASIA,MYANMAR,2013,2044
1207,ASIA,MYANMAR,2014,3081
1208,ASIA,MYANMAR,2015,4681
1209,ASIA,MYANMAR,2016,2907
1210,ASIA,MYANMAR,2017,3443
1211,ASIA,MYANMAR,2018,3551
1212,AFRICA,NAMIBIA,2008,931
1213,AFRICA,NAMIBIA,2009,980
1214,AFRICA,NAMIBIA,2010,984
1215,AFRICA,NAMIBIA,2011,1027
1216,AFRICA,NAMIBIA,2012,1079
1217,AFRICA,NAMIBIA,2013,1176
1218,AFRICA,NAMIBIA,2014,1320
1219,AFRICA,NAMIBIA,2015,1388
1220,AFRICA,NAMIBIA,2016,1469
1221,AFRICA,NAMIBIA,2017,1499
1222,ASIA,NEPAL,2008,500
1223,ASIA,NEPAL,2009,510
1224,ASIA,NEPAL,2010,603
1225,ASIA,NEPAL,2011,736
1226,ASIA,NEPAL,2012,803
1227,ASIA,NEPAL,2013,798
1228,ASIA,NEPAL,2014,790
1229,ASIA,NEPAL,2015,539
1230,ASIA,NEPAL,2016,753
1231,ASIA,NEPAL,2017,940
1232,ASIA,NEPAL,2018,1173
1233,EUROPE,NETHERLANDS,2008,10104
1234,EUROPE,NETHERLANDS,2009,9921
1235,EUROPE,NETHERLANDS,2010,10883
1236,EUROPE,NETHERLANDS,2011,11300
1237,EUROPE,NETHERLANDS,2012,11680
1238,EUROPE,NETHERLANDS,2013,12783
1239,EUROPE,NETHERLANDS,2014,13925
1240,EUROPE,NETHERLANDS,2015,15007
1241,EUROPE,NETHERLANDS,2016,15828
1242,EUROPE,NETHERLANDS,2017,17924
1243,EUROPE,NETHERLANDS,2018,18780
1244,OCEANIA,NEW CALEDONIA,2008,104
1245,OCEANIA,NEW CALEDONIA,2009,99
1246,OCEANIA,NEW CALEDONIA,2010,99
1247,OCEANIA,NEW CALEDONIA,2011,112
1248,OCEANIA,NEW CALEDONIA,2012,112
1249,OCEANIA,NEW CALEDONIA,2013,108
1250,OCEANIA,NEW CALEDONIA,2014,107
1251,OCEANIA,NEW CALEDONIA,2015,114
1252,OCEANIA,NEW CALEDONIA,2016,116
1253,OCEANIA,NEW CALEDONIA,2017,121
1254,OCEANIA,NEW CALEDONIA,2018,120
1255,OCEANIA,NEW ZEALAND,2008,2483
1256,OCEANIA,NEW ZEALAND,2009,2473
1257,OCEANIA,NEW ZEALAND,2010,2530
1258,OCEANIA,NEW ZEALAND,2011,2617
1259,OCEANIA,NEW ZEALAND,2012,2574
1260,OCEANIA,NEW ZEALAND,2013,2710
1261,OCEANIA,NEW ZEALAND,2014,2854
1262,OCEANIA,NEW ZEALAND,2015,3129
1263,OCEANIA,NEW ZEALAND,2016,3494
1264,OCEANIA,NEW ZEALAND,2017,3723
1265,OCEANIA,NEW ZEALAND,2018,3858
1266,NORTH AMERICA,NICARAGUA,2008,858
1267,NORTH AMERICA,NICARAGUA,2009,932
1268,NORTH AMERICA,NICARAGUA,2010,1011
1269,NORTH AMERICA,NICARAGUA,2011,1060
1270,NORTH AMERICA,NICARAGUA,2012,1180
1271,NORTH AMERICA,NICARAGUA,2013,1229
1272,NORTH AMERICA,NICARAGUA,2014,1330
1273,NORTH AMERICA,NICARAGUA,2015,1386
1274,NORTH AMERICA,NICARAGUA,2016,1504
1275,NORTH AMERICA,NICARAGUA,2017,1787
1276,NORTH AMERICA,NICARAGUA,2018,1256
1277,AFRICA,NIGER,2008,73
1278,AFRICA,NIGER,2009,66
1279,AFRICA,NIGER,2010,74
1280,AFRICA,NIGER,2011,82
1281,AFRICA,NIGER,2012,94
1282,AFRICA,NIGER,2013,123
1283,AFRICA,NIGER,2014,135
1284,AFRICA,NIGER,2015,135
1285,AFRICA,NIGER,2016,152
1286,AFRICA,NIGER,2017,164
1287,AFRICA,NIGER,2018,157
1288,EUROPE,NORTH MACEDONIA,2008,255
1289,EUROPE,NORTH MACEDONIA,2009,259
1290,EUROPE,NORTH MACEDONIA,2010,262
1291,EUROPE,NORTH MACEDONIA,2011,327
1292,EUROPE,NORTH MACEDONIA,2012,351
1293,EUROPE,NORTH MACEDONIA,2013,400
1294,EUROPE,NORTH MACEDONIA,2014,425
1295,EUROPE,NORTH MACEDONIA,2015,486
1296,EUROPE,NORTH MACEDONIA,2016,510
1297,EUROPE,NORTH MACEDONIA,2017,631
1298,EUROPE,NORTH MACEDONIA,2018,707
1299,EUROPE,NORTHERN MARIANA ISLANDS,2008,397
1300,EUROPE,NORTHERN MARIANA ISLANDS,2009,354
1301,EUROPE,NORTHERN MARIANA ISLANDS,2010,379
1302,EUROPE,NORTHERN MARIANA ISLANDS,2011,341
1303,EUROPE,NORTHERN MARIANA ISLANDS,2012,401
1304,EUROPE,NORTHERN MARIANA ISLANDS,2013,439
1305,EUROPE,NORTHERN MARIANA ISLANDS,2014,460
1306,EUROPE,NORTHERN MARIANA ISLANDS,2015,479
1307,EUROPE,NORTHERN MARIANA ISLANDS,2016,531
1308,EUROPE,NORTHERN MARIANA ISLANDS,2017,660
1309,EUROPE,NORTHERN MARIANA ISLANDS,2018,518
1310,EUROPE,NORWAY,2008,4347
1311,EUROPE,NORWAY,2009,4346
1312,EUROPE,NORWAY,2010,4767
1313,EUROPE,NORWAY,2011,4963
1314,EUROPE,NORWAY,2012,4538
1315,EUROPE,NORWAY,2013,4778
1316,EUROPE,NORWAY,2014,4855
1317,EUROPE,NORWAY,2015,5361
1318,EUROPE,NORWAY,2016,5960
1319,EUROPE,NORWAY,2017,6252
1320,EUROPE,NORWAY,2018,5688
1321,ASIA,OMAN,2008,1373
1322,ASIA,OMAN,2009,1521
1323,ASIA,OMAN,2010,1441
1324,ASIA,OMAN,2011,1018
1325,ASIA,OMAN,2012,1241
1326,ASIA,OMAN,2013,1392
1327,ASIA,OMAN,2014,1611
1328,ASIA,OMAN,2015,1909
1329,ASIA,OMAN,2016,2335
1330,ASIA,OMAN,2017,2316
1331,ASIA,OMAN,2018,2301
1332,OCEANIA,PALAU,2008,81
1333,OCEANIA,PALAU,2009,71
1334,OCEANIA,PALAU,2010,85
1335,OCEANIA,PALAU,2011,111
1336,OCEANIA,PALAU,2012,120
1337,OCEANIA,PALAU,2013,108
1338,OCEANIA,PALAU,2014,140
1339,OCEANIA,PALAU,2015,162
1340,OCEANIA,PALAU,2016,138
1341,OCEANIA,PALAU,2017,123
1342,OCEANIA,PALAU,2018,106
1343,NORTH AMERICA,PANAMA,2008,1247
1344,NORTH AMERICA,PANAMA,2009,1200
1345,NORTH AMERICA,PANAMA,2010,1324
1346,NORTH AMERICA,PANAMA,2011,1473
1347,NORTH AMERICA,PANAMA,2012,1606
1348,NORTH AMERICA,PANAMA,2013,1658
1349,NORTH AMERICA,PANAMA,2014,1745
1350,NORTH AMERICA,PANAMA,2015,2110
1351,NORTH AMERICA,PANAMA,2016,1921
1352,NORTH AMERICA,PANAMA,2017,1843
1353,NORTH AMERICA,PANAMA,2018,1785
1354,OCEANIA,PAPUA NEW GUINEA,2008,114
1355,OCEANIA,PAPUA NEW GUINEA,2009,121
1356,OCEANIA,PAPUA NEW GUINEA,2010,140
1357,OCEANIA,PAPUA NEW GUINEA,2011,158
1358,OCEANIA,PAPUA NEW GUINEA,2012,168
1359,OCEANIA,PAPUA NEW GUINEA,2013,174
1360,OCEANIA,PAPUA NEW GUINEA,2014,182
1361,OCEANIA,PAPUA NEW GUINEA,2015,183
1362,OCEANIA,PAPUA NEW GUINEA,2016,179
1363,OCEANIA,PAPUA NEW GUINEA,2017,139
1364,OCEANIA,PAPUA NEW GUINEA,2018,140
1365,SOUTH AMERICA,PARAGUAY,2008,428
1366,SOUTH AMERICA,PARAGUAY,2009,439
1367,SOUTH AMERICA,PARAGUAY,2010,465
1368,SOUTH AMERICA,PARAGUAY,2011,524
1369,SOUTH AMERICA,PARAGUAY,2012,579
1370,SOUTH AMERICA,PARAGUAY,2013,610
1371,SOUTH AMERICA,PARAGUAY,2014,649
1372,SOUTH AMERICA,PARAGUAY,2015,1215
1373,SOUTH AMERICA,PARAGUAY,2016,1308
1374,SOUTH AMERICA,PARAGUAY,2017,1584
1375,SOUTH AMERICA,PARAGUAY,2018,1181
1376,SOUTH AMERICA,PERU,2008,2058
1377,SOUTH AMERICA,PERU,2009,2140
1378,SOUTH AMERICA,PERU,2010,2299
1379,SOUTH AMERICA,PERU,2011,2598
1380,SOUTH AMERICA,PERU,2012,2846
1381,SOUTH AMERICA,PERU,2013,3164
1382,SOUTH AMERICA,PERU,2014,3215
1383,SOUTH AMERICA,PERU,2015,3456
1384,SOUTH AMERICA,PERU,2016,3744
1385,SOUTH AMERICA,PERU,2017,4032
1386,SOUTH AMERICA,PERU,2018,4419
1387,ASIA,PHILIPPINES,2008,3139
1388,ASIA,PHILIPPINES,2009,3017
1389,ASIA,PHILIPPINES,2010,3520
1390,ASIA,PHILIPPINES,2011,3917
1391,ASIA,PHILIPPINES,2012,4273
1392,ASIA,PHILIPPINES,2013,4681
1393,ASIA,PHILIPPINES,2014,4833
1394,ASIA,PHILIPPINES,2015,5361
1395,ASIA,PHILIPPINES,2016,5967
1396,ASIA,PHILIPPINES,2017,6621
1397,ASIA,PHILIPPINES,2018,7168
1398,EUROPE,POLAND,2008,12960
1399,EUROPE,POLAND,2009,11890
1400,EUROPE,POLAND,2010,12470
1401,EUROPE,POLAND,2011,13350
1402,EUROPE,POLAND,2012,14840
1403,EUROPE,POLAND,2013,15800
1404,EUROPE,POLAND,2014,16000
1405,EUROPE,POLAND,2015,16728
1406,EUROPE,POLAND,2016,17471
1407,EUROPE,POLAND,2017,18258
1408,EUROPE,POLAND,2018,19622
1409,EUROPE,PORTUGAL,2008,6962
1410,EUROPE,PORTUGAL,2009,6439
1411,EUROPE,PORTUGAL,2010,6756
1412,EUROPE,PORTUGAL,2011,7264
1413,EUROPE,PORTUGAL,2012,7503
1414,EUROPE,PORTUGAL,2013,9177
1415,EUROPE,PORTUGAL,2014,10497
1416,EUROPE,PORTUGAL,2015,11723
1417,EUROPE,PORTUGAL,2016,13359
1418,EUROPE,PORTUGAL,2017,15432
1419,EUROPE,PORTUGAL,2018,16186
1420,NORTH AMERICA,PUERTO RICO,2008,3716
1421,NORTH AMERICA,PUERTO RICO,2009,3183
1422,NORTH AMERICA,PUERTO RICO,2010,3186
1423,NORTH AMERICA,PUERTO RICO,2011,3048
1424,NORTH AMERICA,PUERTO RICO,2012,3069
1425,NORTH AMERICA,PUERTO RICO,2013,3172
1426,NORTH AMERICA,PUERTO RICO,2014,3246
1427,NORTH AMERICA,PUERTO RICO,2015,3542
1428,NORTH AMERICA,PUERTO RICO,2016,3736
1429,NORTH AMERICA,PUERTO RICO,2017,3513
1430,NORTH AMERICA,PUERTO RICO,2018,3068
1431,AFRICA,REUNION,2008,396
1432,AFRICA,REUNION,2009,422
1433,AFRICA,REUNION,2010,420
1434,AFRICA,REUNION,2011,471
1435,AFRICA,REUNION,2012,447
1436,AFRICA,REUNION,2013,416
1437,AFRICA,REUNION,2014,406
1438,AFRICA,REUNION,2015,426
1439,AFRICA,REUNION,2016,458
1440,AFRICA,REUNION,2017,508
1441,AFRICA,REUNION,2018,535
1442,EUROPE,ROMANIA,2008,8862
1443,EUROPE,ROMANIA,2009,7575
1444,EUROPE,ROMANIA,2010,7498
1445,EUROPE,ROMANIA,2011,7611
1446,EUROPE,ROMANIA,2012,7937
1447,EUROPE,ROMANIA,2013,8019
1448,EUROPE,ROMANIA,2014,8442
1449,EUROPE,ROMANIA,2015,9331
1450,EUROPE,ROMANIA,2016,10223
1451,EUROPE,ROMANIA,2017,10926
1452,EUROPE,ROMANIA,2018,11720
1453,EUROPE,RUSSIAN FEDERATION,2008,23676
1454,EUROPE,RUSSIAN FEDERATION,2009,21339
1455,EUROPE,RUSSIAN FEDERATION,2010,22281
1456,EUROPE,RUSSIAN FEDERATION,2011,24932
1457,EUROPE,RUSSIAN FEDERATION,2012,28177
1458,EUROPE,RUSSIAN FEDERATION,2013,30792
1459,EUROPE,RUSSIAN FEDERATION,2014,32421
1460,EUROPE,RUSSIAN FEDERATION,2015,33729
1461,EUROPE,RUSSIAN FEDERATION,2016,24571
1462,EUROPE,RUSSIAN FEDERATION,2017,24390
1463,EUROPE,RUSSIAN FEDERATION,2018,24551
1464,NORTH AMERICA,SAINT KITTS AND NEVIS,2008,128
1465,NORTH AMERICA,SAINT KITTS AND NEVIS,2009,83
1466,NORTH AMERICA,SAINT KITTS AND NEVIS,2010,98
1467,NORTH AMERICA,SAINT KITTS AND NEVIS,2011,104
1468,NORTH AMERICA,SAINT KITTS AND NEVIS,2012,104
1469,NORTH AMERICA,SAINT KITTS AND NEVIS,2013,107
1470,NORTH AMERICA,SAINT KITTS AND NEVIS,2014,113
1471,NORTH AMERICA,SAINT KITTS AND NEVIS,2015,118
1472,NORTH AMERICA,SAINT KITTS AND NEVIS,2016,116
1473,NORTH AMERICA,SAINT KITTS AND NEVIS,2017,115
1474,NORTH AMERICA,SAINT KITTS AND NEVIS,2018,125
1475,NORTH AMERICA,SAINT LUCIA,2008,296
1476,NORTH AMERICA,SAINT LUCIA,2009,278
1477,NORTH AMERICA,SAINT LUCIA,2010,306
1478,NORTH AMERICA,SAINT LUCIA,2011,312
1479,NORTH AMERICA,SAINT LUCIA,2012,307
1480,NORTH AMERICA,SAINT LUCIA,2013,319
1481,NORTH AMERICA,SAINT LUCIA,2014,338
1482,NORTH AMERICA,SAINT LUCIA,2015,345
1483,NORTH AMERICA,SAINT LUCIA,2016,348
1484,NORTH AMERICA,SAINT LUCIA,2017,386
1485,NORTH AMERICA,SAINT LUCIA,2018,395
1486,NORTH AMERICA,SAINT VINCENT AND THE GRENADINES,2008,84
1487,NORTH AMERICA,SAINT VINCENT AND THE GRENADINES,2009,75
1488,NORTH AMERICA,SAINT VINCENT AND THE GRENADINES,2010,72
1489,NORTH AMERICA,SAINT VINCENT AND THE GRENADINES,2011,74
1490,NORTH AMERICA,SAINT VINCENT AND THE GRENADINES,2012,74
1491,NORTH AMERICA,SAINT VINCENT AND THE GRENADINES,2013,72
1492,NORTH AMERICA,SAINT VINCENT AND THE GRENADINES,2014,71
1493,NORTH AMERICA,SAINT VINCENT AND THE GRENADINES,2015,75
1494,NORTH AMERICA,SAINT VINCENT AND THE GRENADINES,2016,79
1495,NORTH AMERICA,SAINT VINCENT AND THE GRENADINES,2017,76
1496,NORTH AMERICA,SAINT VINCENT AND THE GRENADINES,2018,80
1497,OCEANIA,SAMOA,2008,118
1498,OCEANIA,SAMOA,2009,122
1499,OCEANIA,SAMOA,2010,122
1500,OCEANIA,SAMOA,2011,121
1501,OCEANIA,SAMOA,2012,126
1502,OCEANIA,SAMOA,2013,116
1503,OCEANIA,SAMOA,2014,120
1504,OCEANIA,SAMOA,2015,128
1505,OCEANIA,SAMOA,2016,134
1506,OCEANIA,SAMOA,2017,146
1507,OCEANIA,SAMOA,2018,164
1508,EUROPE,SAN MARINO,2008,115
1509,EUROPE,SAN MARINO,2009,151
1510,EUROPE,SAN MARINO,2010,120
1511,EUROPE,SAN MARINO,2011,156
1512,EUROPE,SAN MARINO,2012,139
1513,EUROPE,SAN MARINO,2013,71
1514,EUROPE,SAN MARINO,2014,75
1515,EUROPE,SAN MARINO,2015,54
1516,EUROPE,SAN MARINO,2016,60
1517,EUROPE,SAN MARINO,2017,78
1518,EUROPE,SAN MARINO,2018,84
1519,ASIA,SAUDI ARABIA,2008,14757
1520,ASIA,SAUDI ARABIA,2009,10897
1521,ASIA,SAUDI ARABIA,2010,10850
1522,ASIA,SAUDI ARABIA,2011,14179
1523,ASIA,SAUDI ARABIA,2012,16332
1524,ASIA,SAUDI ARABIA,2013,15772
1525,ASIA,SAUDI ARABIA,2014,18260
1526,ASIA,SAUDI ARABIA,2015,17994
1527,ASIA,SAUDI ARABIA,2016,18044
1528,ASIA,SAUDI ARABIA,2017,16109
1529,ASIA,SAUDI ARABIA,2018,15334
1530,EUROPE,SERBIA,2008,646
1531,EUROPE,SERBIA,2009,645
1532,EUROPE,SERBIA,2010,683
1533,EUROPE,SERBIA,2011,764
1534,EUROPE,SERBIA,2012,810
1535,EUROPE,SERBIA,2013,922
1536,EUROPE,SERBIA,2014,1029
1537,EUROPE,SERBIA,2015,1132
1538,EUROPE,SERBIA,2016,1281
1539,EUROPE,SERBIA,2017,1497
1540,EUROPE,SERBIA,2018,1711
1541,AFRICA,SEYCHELLES,2008,159
1542,AFRICA,SEYCHELLES,2009,158
1543,AFRICA,SEYCHELLES,2010,175
1544,AFRICA,SEYCHELLES,2011,194
1545,AFRICA,SEYCHELLES,2012,208
1546,AFRICA,SEYCHELLES,2013,230
1547,AFRICA,SEYCHELLES,2014,233
1548,AFRICA,SEYCHELLES,2015,276
1549,AFRICA,SEYCHELLES,2016,303
1550,AFRICA,SEYCHELLES,2017,350
1551,AFRICA,SEYCHELLES,2018,362
1552,AFRICA,SIERRA LEONE,2008,36
1553,AFRICA,SIERRA LEONE,2009,37
1554,AFRICA,SIERRA LEONE,2010,39
1555,AFRICA,SIERRA LEONE,2011,52
1556,AFRICA,SIERRA LEONE,2012,60
1557,AFRICA,SIERRA LEONE,2013,81
1558,AFRICA,SIERRA LEONE,2014,44
1559,AFRICA,SIERRA LEONE,2015,24
1560,AFRICA,SIERRA LEONE,2016,55
1561,AFRICA,SIERRA LEONE,2017,51
1562,AFRICA,SIERRA LEONE,2018,57
1563,ASIA,SINGAPORE,2008,7778
1564,ASIA,SINGAPORE,2009,7488
1565,ASIA,SINGAPORE,2010,9161
1566,ASIA,SINGAPORE,2011,10390
1567,ASIA,SINGAPORE,2012,11098
1568,ASIA,SINGAPORE,2013,11899
1569,ASIA,SINGAPORE,2014,11864
1570,ASIA,SINGAPORE,2015,12051
1571,ASIA,SINGAPORE,2016,12913
1572,ASIA,SINGAPORE,2017,13903
1573,ASIA,SINGAPORE,2018,14673
1574,NORTH AMERICA,SINT MAARTEN (DUTCH PART),2008,475
1575,NORTH AMERICA,SINT MAARTEN (DUTCH PART),2009,440
1576,NORTH AMERICA,SINT MAARTEN (DUTCH PART),2010,443
1577,NORTH AMERICA,SINT MAARTEN (DUTCH PART),2011,424
1578,NORTH AMERICA,SINT MAARTEN (DUTCH PART),2012,457
1579,NORTH AMERICA,SINT MAARTEN (DUTCH PART),2013,467
1580,NORTH AMERICA,SINT MAARTEN (DUTCH PART),2014,500
1581,NORTH AMERICA,SINT MAARTEN (DUTCH PART),2015,505
1582,NORTH AMERICA,SINT MAARTEN (DUTCH PART),2016,528
1583,NORTH AMERICA,SINT MAARTEN (DUTCH PART),2017,402
1584,NORTH AMERICA,SINT MAARTEN (DUTCH PART),2018,178
1585,EUROPE,SLOVAKIA,2008,1767
1586,EUROPE,SLOVAKIA,2009,1298
1587,EUROPE,SLOVAKIA,2010,1327
1588,EUROPE,SLOVAKIA,2011,1460
1589,EUROPE,SLOVAKIA,2012,1528
1590,EUROPE,SLOVAKIA,2013,1670
1591,EUROPE,SLOVAKIA,2014,1475
1592,EUROPE,SLOVAKIA,2015,1721
1593,EUROPE,SLOVAKIA,2016,2027
1594,EUROPE,SLOVAKIA,2017,2162
1595,EUROPE,SLOVAKIA,2018,2256
1596,EUROPE,SLOVENIA,2008,1958
1597,EUROPE,SLOVENIA,2009,1824
1598,EUROPE,SLOVENIA,2010,2049
1599,EUROPE,SLOVENIA,2011,2236
1600,EUROPE,SLOVENIA,2012,2377
1601,EUROPE,SLOVENIA,2013,2502
1602,EUROPE,SLOVENIA,2014,2675
1603,EUROPE,SLOVENIA,2015,3022
1604,EUROPE,SLOVENIA,2016,3397
1605,EUROPE,SLOVENIA,2017,3991
1606,EUROPE,SLOVENIA,2018,4425
1607,OCEANIA,SOLOMON ISLANDS,2008,16
1608,OCEANIA,SOLOMON ISLANDS,2009,18
1609,OCEANIA,SOLOMON ISLANDS,2010,21
1610,OCEANIA,SOLOMON ISLANDS,2011,23
1611,OCEANIA,SOLOMON ISLANDS,2012,24
1612,OCEANIA,SOLOMON ISLANDS,2013,24
1613,OCEANIA,SOLOMON ISLANDS,2014,20
1614,OCEANIA,SOLOMON ISLANDS,2015,22
1615,OCEANIA,SOLOMON ISLANDS,2016,23
1616,OCEANIA,SOLOMON ISLANDS,2017,26
1617,OCEANIA,SOLOMON ISLANDS,2018,28
1618,AFRICA,SOUTH AFRICA,2008,9592
1619,AFRICA,SOUTH AFRICA,2009,7012
1620,AFRICA,SOUTH AFRICA,2010,8074
1621,AFRICA,SOUTH AFRICA,2011,8339
1622,AFRICA,SOUTH AFRICA,2012,9188
1623,AFRICA,SOUTH AFRICA,2013,9537
1624,AFRICA,SOUTH AFRICA,2014,9549
1625,AFRICA,SOUTH AFRICA,2015,8904
1626,AFRICA,SOUTH AFRICA,2016,10044
1627,AFRICA,SOUTH AFRICA,2017,10285
1628,AFRICA,SOUTH AFRICA,2018,10472
1629,EUROPE,SPAIN,2008,57192
1630,EUROPE,SPAIN,2009,52178
1631,EUROPE,SPAIN,2010,52677
1632,EUROPE,SPAIN,2011,56177
1633,EUROPE,SPAIN,2012,57464
1634,EUROPE,SPAIN,2013,60675
1635,EUROPE,SPAIN,2014,64939
1636,EUROPE,SPAIN,2015,68175
1637,EUROPE,SPAIN,2016,75315
1638,EUROPE,SPAIN,2017,81869
1639,EUROPE,SPAIN,2018,82773
1640,ASIA,SRI LANKA,2008,438
1641,ASIA,SRI LANKA,2009,448
1642,ASIA,SRI LANKA,2010,654
1643,ASIA,SRI LANKA,2011,856
1644,ASIA,SRI LANKA,2012,1006
1645,ASIA,SRI LANKA,2013,1275
1646,ASIA,SRI LANKA,2014,1527
1647,ASIA,SRI LANKA,2015,1798
1648,ASIA,SRI LANKA,2016,2051
1649,ASIA,SRI LANKA,2017,2116
1650,ASIA,SRI LANKA,2018,2334
1651,ASIA,STATE OF PALESTINE,2008,387
1652,ASIA,STATE OF PALESTINE,2009,396
1653,ASIA,STATE OF PALESTINE,2010,522
1654,ASIA,STATE OF PALESTINE,2011,449
1655,ASIA,STATE OF PALESTINE,2012,490
1656,ASIA,STATE OF PALESTINE,2013,545
1657,ASIA,STATE OF PALESTINE,2014,556
1658,ASIA,STATE OF PALESTINE,2015,432
1659,ASIA,STATE OF PALESTINE,2016,400
1660,ASIA,STATE OF PALESTINE,2017,503
1661,ASIA,STATE OF PALESTINE,2018,606
1662,AFRICA,SUDAN,2008,440
1663,AFRICA,SUDAN,2009,420
1664,AFRICA,SUDAN,2010,495
1665,AFRICA,SUDAN,2011,536
1666,AFRICA,SUDAN,2012,575
1667,AFRICA,SUDAN,2013,591
1668,AFRICA,SUDAN,2014,684
1669,AFRICA,SUDAN,2015,741
1670,AFRICA,SUDAN,2016,800
1671,AFRICA,SUDAN,2017,813
1672,AFRICA,SUDAN,2018,836
1673,EUROPE,SWEDEN,2008,4555
1674,EUROPE,SWEDEN,2009,4899
1675,EUROPE,SWEDEN,2010,5183
1676,EUROPE,SWEDEN,2011,5222
1677,EUROPE,SWEDEN,2012,5146
1678,EUROPE,SWEDEN,2013,5229
1679,EUROPE,SWEDEN,2014,5660
1680,EUROPE,SWEDEN,2015,6482
1681,EUROPE,SWEDEN,2016,6782
1682,EUROPE,SWEDEN,2017,7054
1683,EUROPE,SWEDEN,2018,7440
1684,EUROPE,SWITZERLAND,2008,8608
1685,EUROPE,SWITZERLAND,2009,8294
1686,EUROPE,SWITZERLAND,2010,8628
1687,EUROPE,SWITZERLAND,2011,8534
1688,EUROPE,SWITZERLAND,2012,8566
1689,EUROPE,SWITZERLAND,2013,8967
1690,EUROPE,SWITZERLAND,2014,9158
1691,EUROPE,SWITZERLAND,2015,9305
1692,EUROPE,SWITZERLAND,2016,9205
1693,EUROPE,SWITZERLAND,2017,9889
1694,EUROPE,SWITZERLAND,2018,10362
1695,ASIA,TAIWAN PROVINCE OF CHINA,2008,3845
1696,ASIA,TAIWAN PROVINCE OF CHINA,2009,4395
1697,ASIA,TAIWAN PROVINCE OF CHINA,2010,5567
1698,ASIA,TAIWAN PROVINCE OF CHINA,2011,6087
1699,ASIA,TAIWAN PROVINCE OF CHINA,2012,7311
1700,ASIA,TAIWAN PROVINCE OF CHINA,2013,8016
1701,ASIA,TAIWAN PROVINCE OF CHINA,2014,9910
1702,ASIA,TAIWAN PROVINCE OF CHINA,2015,10440
1703,ASIA,TAIWAN PROVINCE OF CHINA,2016,10690
1704,ASIA,TAIWAN PROVINCE OF CHINA,2017,10740
1705,ASIA,TAIWAN PROVINCE OF CHINA,2018,11067
1706,ASIA,TAJIKISTAN,2008,325
1707,ASIA,TAJIKISTAN,2009,207
1708,ASIA,TAJIKISTAN,2010,160
1709,ASIA,TAJIKISTAN,2011,183
1710,ASIA,TAJIKISTAN,2012,244
1711,ASIA,TAJIKISTAN,2013,208
1712,ASIA,TAJIKISTAN,2014,213
1713,ASIA,TAJIKISTAN,2015,414
1714,ASIA,TAJIKISTAN,2016,344
1715,ASIA,TAJIKISTAN,2017,431
1716,ASIA,TAJIKISTAN,2018,1035
1717,AFRICA,"TANZANIA, UNITED REPUBLIC OF",2008,750
1718,AFRICA,"TANZANIA, UNITED REPUBLIC OF",2009,695
1719,AFRICA,"TANZANIA, UNITED REPUBLIC OF",2010,754
1720,AFRICA,"TANZANIA, UNITED REPUBLIC OF",2011,843
1721,AFRICA,"TANZANIA, UNITED REPUBLIC OF",2012,1043
1722,AFRICA,"TANZANIA, UNITED REPUBLIC OF",2013,1063
1723,AFRICA,"TANZANIA, UNITED REPUBLIC OF",2014,1113
1724,AFRICA,"TANZANIA, UNITED REPUBLIC OF",2015,1104
1725,AFRICA,"TANZANIA, UNITED REPUBLIC OF",2016,1233
1726,AFRICA,"TANZANIA, UNITED REPUBLIC OF",2017,1275
1727,AFRICA,"TANZANIA, UNITED REPUBLIC OF",2018,1378
1728,ASIA,THAILAND,2008,14584
1729,ASIA,THAILAND,2009,14150
1730,ASIA,THAILAND,2010,15936
1731,ASIA,THAILAND,2011,19230
1732,ASIA,THAILAND,2012,22354
1733,ASIA,THAILAND,2013,26547
1734,ASIA,THAILAND,2014,24810
1735,ASIA,THAILAND,2015,29923
1736,ASIA,THAILAND,2016,32530
1737,ASIA,THAILAND,2017,35592
1738,ASIA,THAILAND,2018,38178
1739,ASIA,TIMOR-LESTE,2008,36
1740,ASIA,TIMOR-LESTE,2009,44
1741,ASIA,TIMOR-LESTE,2010,40
1742,ASIA,TIMOR-LESTE,2011,51
1743,ASIA,TIMOR-LESTE,2012,58
1744,ASIA,TIMOR-LESTE,2013,79
1745,ASIA,TIMOR-LESTE,2014,60
1746,ASIA,TIMOR-LESTE,2015,62
1747,ASIA,TIMOR-LESTE,2016,66
1748,ASIA,TIMOR-LESTE,2017,74
1749,ASIA,TIMOR-LESTE,2018,75
1750,AFRICA,TOGO,2008,74
1751,AFRICA,TOGO,2009,150
1752,AFRICA,TOGO,2010,202
1753,AFRICA,TOGO,2011,300
1754,AFRICA,TOGO,2012,235
1755,AFRICA,TOGO,2013,327
1756,AFRICA,TOGO,2014,282
1757,AFRICA,TOGO,2015,273
1758,AFRICA,TOGO,2016,338
1759,AFRICA,TOGO,2017,514
1760,AFRICA,TOGO,2018,573
1761,OCEANIA,TONGA,2008,50
1762,OCEANIA,TONGA,2009,46
1763,OCEANIA,TONGA,2010,47
1764,OCEANIA,TONGA,2011,46
1765,OCEANIA,TONGA,2012,47
1766,OCEANIA,TONGA,2013,48
1767,OCEANIA,TONGA,2014,50
1768,OCEANIA,TONGA,2015,54
1769,OCEANIA,TONGA,2016,59
1770,OCEANIA,TONGA,2017,63
1771,OCEANIA,TONGA,2018,54
1772,NORTH AMERICA,TRINIDAD AND TOBAGO,2008,437
1773,NORTH AMERICA,TRINIDAD AND TOBAGO,2009,419
1774,NORTH AMERICA,TRINIDAD AND TOBAGO,2010,388
1775,NORTH AMERICA,TRINIDAD AND TOBAGO,2011,431
1776,NORTH AMERICA,TRINIDAD AND TOBAGO,2012,455
1777,NORTH AMERICA,TRINIDAD AND TOBAGO,2013,434
1778,NORTH AMERICA,TRINIDAD AND TOBAGO,2014,412
1779,NORTH AMERICA,TRINIDAD AND TOBAGO,2015,440
1780,NORTH AMERICA,TRINIDAD AND TOBAGO,2016,409
1781,NORTH AMERICA,TRINIDAD AND TOBAGO,2017,395
1782,NORTH AMERICA,TRINIDAD AND TOBAGO,2018,375
1783,AFRICA,TUNISIA,2008,7050
1784,AFRICA,TUNISIA,2009,7797
1785,AFRICA,TUNISIA,2010,7828
1786,AFRICA,TUNISIA,2011,5746
1787,AFRICA,TUNISIA,2012,6999
1788,AFRICA,TUNISIA,2013,7352
1789,AFRICA,TUNISIA,2014,7163
1790,AFRICA,TUNISIA,2015,5359
1791,AFRICA,TUNISIA,2016,5724
1792,AFRICA,TUNISIA,2017,7052
1793,AFRICA,TUNISIA,2018,8299
1794,ASIA,TURKEY,2008,29792
1795,ASIA,TURKEY,2009,30187
1796,ASIA,TURKEY,2010,31364
1797,ASIA,TURKEY,2011,34654
1798,ASIA,TURKEY,2012,35698
1799,ASIA,TURKEY,2013,37795
1800,ASIA,TURKEY,2014,39811
1801,ASIA,TURKEY,2015,39478
1802,ASIA,TURKEY,2016,30289
1803,ASIA,TURKEY,2017,37601
1804,ASIA,TURKEY,2018,45768
1805,NORTH AMERICA,TURKS AND CAICOS ISLANDS,2008,352
1806,NORTH AMERICA,TURKS AND CAICOS ISLANDS,2009,351
1807,NORTH AMERICA,TURKS AND CAICOS ISLANDS,2010,281
1808,NORTH AMERICA,TURKS AND CAICOS ISLANDS,2011,354
1809,NORTH AMERICA,TURKS AND CAICOS ISLANDS,2012,292
1810,NORTH AMERICA,TURKS AND CAICOS ISLANDS,2013,291
1811,NORTH AMERICA,TURKS AND CAICOS ISLANDS,2014,358
1812,NORTH AMERICA,TURKS AND CAICOS ISLANDS,2015,386
1813,NORTH AMERICA,TURKS AND CAICOS ISLANDS,2016,449
1814,NORTH AMERICA,TURKS AND CAICOS ISLANDS,2017,416
1815,NORTH AMERICA,TURKS AND CAICOS ISLANDS,2018,441
1816,OCEANIA,TUVALU,2008,2
1817,OCEANIA,TUVALU,2009,2
1818,OCEANIA,TUVALU,2010,2
1819,OCEANIA,TUVALU,2011,1
1820,OCEANIA,TUVALU,2012,1
1821,OCEANIA,TUVALU,2013,1
1822,OCEANIA,TUVALU,2014,1
1823,OCEANIA,TUVALU,2015,2
1824,OCEANIA,TUVALU,2016,3
1825,OCEANIA,TUVALU,2017,3
1826,OCEANIA,TUVALU,2018,3
1827,AFRICA,UGANDA,2008,844
1828,AFRICA,UGANDA,2009,807
1829,AFRICA,UGANDA,2010,946
1830,AFRICA,UGANDA,2011,1151
1831,AFRICA,UGANDA,2012,1197
1832,AFRICA,UGANDA,2013,1206
1833,AFRICA,UGANDA,2014,1266
1834,AFRICA,UGANDA,2015,1303
1835,AFRICA,UGANDA,2016,1323
1836,AFRICA,UGANDA,2017,1402
1837,EUROPE,UNITED KINGDOM,2009,28199
1838,EUROPE,UNITED KINGDOM,2010,28295
1839,EUROPE,UNITED KINGDOM,2011,29306
1840,EUROPE,UNITED KINGDOM,2012,29282
1841,EUROPE,UNITED KINGDOM,2013,31063
1842,EUROPE,UNITED KINGDOM,2014,32613
1843,EUROPE,UNITED KINGDOM,2015,34436
1844,EUROPE,UNITED KINGDOM,2016,35814
1845,EUROPE,UNITED KINGDOM,2017,37651
1846,EUROPE,UNITED KINGDOM,2018,36316
1847,NORTH AMERICA,UNITED STATES OF AMERICA,2008,58007
1848,NORTH AMERICA,UNITED STATES OF AMERICA,2009,55103
1849,NORTH AMERICA,UNITED STATES OF AMERICA,2010,60010
1850,NORTH AMERICA,UNITED STATES OF AMERICA,2011,63477
1851,NORTH AMERICA,UNITED STATES OF AMERICA,2012,66967
1852,NORTH AMERICA,UNITED STATES OF AMERICA,2013,71643
1853,NORTH AMERICA,UNITED STATES OF AMERICA,2014,75379
1854,NORTH AMERICA,UNITED STATES OF AMERICA,2015,77774
1855,NORTH AMERICA,UNITED STATES OF AMERICA,2016,76407
1856,NORTH AMERICA,UNITED STATES OF AMERICA,2017,77187
1857,NORTH AMERICA,UNITED STATES OF AMERICA,2018,79746
1858,NORTH AMERICA,UNITED STATES VIRGIN ISLANDS,2008,574
1859,NORTH AMERICA,UNITED STATES VIRGIN ISLANDS,2009,563
1860,NORTH AMERICA,UNITED STATES VIRGIN ISLANDS,2010,572
1861,NORTH AMERICA,UNITED STATES VIRGIN ISLANDS,2011,567
1862,NORTH AMERICA,UNITED STATES VIRGIN ISLANDS,2012,619
1863,NORTH AMERICA,UNITED STATES VIRGIN ISLANDS,2013,590
1864,NORTH AMERICA,UNITED STATES VIRGIN ISLANDS,2014,615
1865,NORTH AMERICA,UNITED STATES VIRGIN ISLANDS,2015,642
1866,NORTH AMERICA,UNITED STATES VIRGIN ISLANDS,2016,667
1867,NORTH AMERICA,UNITED STATES VIRGIN ISLANDS,2017,535
1868,NORTH AMERICA,UNITED STATES VIRGIN ISLANDS,2018,381
1869,SOUTH AMERICA,URUGUAY,2008,1938
1870,SOUTH AMERICA,URUGUAY,2009,2055
1871,SOUTH AMERICA,URUGUAY,2010,2353
1872,SOUTH AMERICA,URUGUAY,2011,2857
1873,SOUTH AMERICA,URUGUAY,2012,2695
1874,SOUTH AMERICA,URUGUAY,2013,2683
1875,SOUTH AMERICA,URUGUAY,2014,2682
1876,SOUTH AMERICA,URUGUAY,2015,2773
1877,SOUTH AMERICA,URUGUAY,2016,3037
1878,SOUTH AMERICA,URUGUAY,2017,3674
1879,SOUTH AMERICA,URUGUAY,2018,3469
1880,ASIA,UZBEKISTAN,2008,1069
1881,ASIA,UZBEKISTAN,2009,1215
1882,ASIA,UZBEKISTAN,2010,975
1883,ASIA,UZBEKISTAN,2011,1393
1884,ASIA,UZBEKISTAN,2012,1895
1885,ASIA,UZBEKISTAN,2013,1969
1886,ASIA,UZBEKISTAN,2014,1862
1887,ASIA,UZBEKISTAN,2015,1918
1888,ASIA,UZBEKISTAN,2016,2027
1889,ASIA,UZBEKISTAN,2017,2690
1890,ASIA,UZBEKISTAN,2018,5346
1891,OCEANIA,VANUATU,2008,91
1892,OCEANIA,VANUATU,2009,101
1893,OCEANIA,VANUATU,2010,97
1894,OCEANIA,VANUATU,2011,94
1895,OCEANIA,VANUATU,2012,108
1896,OCEANIA,VANUATU,2013,110
1897,OCEANIA,VANUATU,2014,109
1898,OCEANIA,VANUATU,2015,90
1899,OCEANIA,VANUATU,2016,95
1900,OCEANIA,VANUATU,2017,109
1901,OCEANIA,VANUATU,2018,116
1902,ASIA,VIET NAM,2008,4236
1903,ASIA,VIET NAM,2009,3747
1904,ASIA,VIET NAM,2010,5050
1905,ASIA,VIET NAM,2011,6014
1906,ASIA,VIET NAM,2012,6848
1907,ASIA,VIET NAM,2013,7572
1908,ASIA,VIET NAM,2014,7874
1909,ASIA,VIET NAM,2015,7944
1910,ASIA,VIET NAM,2016,10013
1911,ASIA,VIET NAM,2017,12922
1912,ASIA,VIET NAM,2018,15498
1913,AFRICA,ZAMBIA,2008,812
1914,AFRICA,ZAMBIA,2009,710
1915,AFRICA,ZAMBIA,2010,815
1916,AFRICA,ZAMBIA,2011,920
1917,AFRICA,ZAMBIA,2012,859
1918,AFRICA,ZAMBIA,2013,915
1919,AFRICA,ZAMBIA,2014,947
1920,AFRICA,ZAMBIA,2015,932
1921,AFRICA,ZAMBIA,2016,956
1922,AFRICA,ZAMBIA,2017,1083
1923,AFRICA,ZAMBIA,2018,1072
1924,AFRICA,ZIMBABWE,2008,1956
1925,AFRICA,ZIMBABWE,2009,2017
1926,AFRICA,ZIMBABWE,2010,2239
1927,AFRICA,ZIMBABWE,2011,2423
1928,AFRICA,ZIMBABWE,2012,1794
1929,AFRICA,ZIMBABWE,2013,1833
1930,AFRICA,ZIMBABWE,2014,1880
1931,AFRICA,ZIMBABWE,2015,2057
1932,AFRICA,ZIMBABWE,2016,2168
1933,AFRICA,ZIMBABWE,2017,2423
1934,AFRICA,ZIMBABWE,2018,2580
