ID,CONTINENT,COUNTRY,YEAR,EXPENDITURE
1,ASIA,AFGHANISTAN,2008,8
2,ASIA,AFGHANISTAN,2009,36
3,ASIA,AFGHANISTAN,2010,75
4,ASIA,AFGHANISTAN,2011,85
5,ASIA,AFGHANISTAN,2012,102
6,ASIA,AFGHANISTAN,2013,138
7,ASIA,AFGHANISTAN,2014,109
8,ASIA,AFGHANISTAN,2015,79
9,ASIA,AFGHANISTAN,2016,49
10,ASIA,AFGHANISTAN,2017,2
11,ASIA,AFGHANISTAN,2018,28
12,EUROPE,ALBANIA,2008,1850
13,EUROPE,ALBANIA,2009,2013
14,EUROPE,ALBANIA,2010,1778
15,EUROPE,ALBANIA,2011,1833
16,EUROPE,ALBANIA,2012,1623
17,EUROPE,ALBANIA,2013,1670
18,EUROPE,ALBANIA,2014,1849
19,EUROPE,ALBANIA,2015,1613
20,EUROPE,ALBANIA,2016,1821
21,EUROPE,ALBANIA,2017,2050
22,EUROPE,ALBANIA,2018,2306
23,AFRICA,ANGOLA,2008,293
24,AFRICA,ANGOLA,2009,554
25,AFRICA,ANGOLA,2010,726
26,AFRICA,ANGOLA,2011,653
27,AFRICA,ANGOLA,2012,711
28,AFRICA,ANGOLA,2013,1241
29,AFRICA,ANGOLA,2014,1597
30,AFRICA,ANGOLA,2015,1171
31,AFRICA,ANGOLA,2016,628
32,AFRICA,ANGOLA,2017,884
33,AFRICA,ANGOLA,2018,557
34,SOUTH AMERICA,ARGENTINA,2008,5273
35,SOUTH AMERICA,ARGENTINA,2009,4455
36,SOUTH AMERICA,ARGENTINA,2010,5605
37,SOUTH AMERICA,ARGENTINA,2011,6058
38,SOUTH AMERICA,ARGENTINA,2012,5665
39,SOUTH AMERICA,ARGENTINA,2013,5199
40,SOUTH AMERICA,ARGENTINA,2014,5645
41,SOUTH AMERICA,ARGENTINA,2015,5441
42,SOUTH AMERICA,ARGENTINA,2016,5466
43,SOUTH AMERICA,ARGENTINA,2017,5835
44,SOUTH AMERICA,ARGENTINA,2018,5999
45,ASIA,ARMENIA,2008,564
46,ASIA,ARMENIA,2009,570
47,ASIA,ARMENIA,2010,694
48,ASIA,ARMENIA,2011,762
49,ASIA,ARMENIA,2012,853
50,ASIA,ARMENIA,2013,905
51,ASIA,ARMENIA,2014,994
52,ASIA,ARMENIA,2015,956
53,ASIA,ARMENIA,2016,988
54,ASIA,ARMENIA,2017,1140
55,ASIA,ARMENIA,2018,1237
56,NORTH AMERICA,ARUBA,2008,1352
57,NORTH AMERICA,ARUBA,2009,1223
58,NORTH AMERICA,ARUBA,2010,1254
59,NORTH AMERICA,ARUBA,2011,1358
60,NORTH AMERICA,ARUBA,2012,1412
61,NORTH AMERICA,ARUBA,2013,1506
62,NORTH AMERICA,ARUBA,2014,1756
63,NORTH AMERICA,ARUBA,2015,1808
64,NORTH AMERICA,ARUBA,2016,1764
65,NORTH AMERICA,ARUBA,2017,1857
66,NORTH AMERICA,ARUBA,2018,2024
67,OCEANIA,AUSTRALIA,2008,27189
68,OCEANIA,AUSTRALIA,2009,26909
69,OCEANIA,AUSTRALIA,2010,31064
70,OCEANIA,AUSTRALIA,2011,34315
71,OCEANIA,AUSTRALIA,2012,34137
72,OCEANIA,AUSTRALIA,2013,32889
73,OCEANIA,AUSTRALIA,2014,35736
74,OCEANIA,AUSTRALIA,2015,36249
75,OCEANIA,AUSTRALIA,2016,39059
76,OCEANIA,AUSTRALIA,2017,43975
77,OCEANIA,AUSTRALIA,2018,47327
78,ASIA,AZERBAIJAN,2008,382
79,ASIA,AZERBAIJAN,2009,545
80,ASIA,AZERBAIJAN,2010,792
81,ASIA,AZERBAIJAN,2011,1500
82,ASIA,AZERBAIJAN,2012,2634
83,ASIA,AZERBAIJAN,2013,2618
84,ASIA,AZERBAIJAN,2014,2713
85,ASIA,AZERBAIJAN,2015,2535
86,ASIA,AZERBAIJAN,2016,2855
87,ASIA,AZERBAIJAN,2017,3214
88,ASIA,AZERBAIJAN,2018,2830
89,NORTH AMERICA,BAHAMAS,2008,2155
90,NORTH AMERICA,BAHAMAS,2009,2025
91,NORTH AMERICA,BAHAMAS,2010,2159
92,NORTH AMERICA,BAHAMAS,2011,2157
93,NORTH AMERICA,BAHAMAS,2012,2333
94,NORTH AMERICA,BAHAMAS,2013,2305
95,NORTH AMERICA,BAHAMAS,2014,2336
96,NORTH AMERICA,BAHAMAS,2015,2554
97,NORTH AMERICA,BAHAMAS,2016,3091
98,NORTH AMERICA,BAHAMAS,2017,3017
99,NORTH AMERICA,BAHAMAS,2018,3383
100,ASIA,BAHRAIN,2008,1927
101,ASIA,BAHRAIN,2009,1873
102,ASIA,BAHRAIN,2010,2163
103,ASIA,BAHRAIN,2011,1766
104,ASIA,BAHRAIN,2012,1752
105,ASIA,BAHRAIN,2013,1875
106,ASIA,BAHRAIN,2014,1913
107,ASIA,BAHRAIN,2015,2827
108,ASIA,BAHRAIN,2016,4021
109,ASIA,BAHRAIN,2017,4380
110,ASIA,BAHRAIN,2018,3834
111,EUROPE,BELARUS,2008,585
112,EUROPE,BELARUS,2009,563
113,EUROPE,BELARUS,2010,665
114,EUROPE,BELARUS,2011,747
115,EUROPE,BELARUS,2012,986
116,EUROPE,BELARUS,2013,1156
117,EUROPE,BELARUS,2014,1230
118,EUROPE,BELARUS,2015,1013
119,EUROPE,BELARUS,2016,1019
120,EUROPE,BELARUS,2017,1124
121,EUROPE,BELARUS,2018,1221
122,ASIA,BHUTAN,2008,47
123,ASIA,BHUTAN,2009,51
124,ASIA,BHUTAN,2010,64
125,ASIA,BHUTAN,2011,76
126,ASIA,BHUTAN,2012,93
127,ASIA,BHUTAN,2013,116
128,ASIA,BHUTAN,2014,99
129,ASIA,BHUTAN,2015,120
130,ASIA,BHUTAN,2016,139
131,ASIA,BHUTAN,2017,153
132,ASIA,BHUTAN,2018,121
133,SOUTH AMERICA,"BOLIVIA, PLURINATIONAL STATE OF",2008,302
134,SOUTH AMERICA,"BOLIVIA, PLURINATIONAL STATE OF",2009,306
135,SOUTH AMERICA,"BOLIVIA, PLURINATIONAL STATE OF",2010,339
136,SOUTH AMERICA,"BOLIVIA, PLURINATIONAL STATE OF",2011,499
137,SOUTH AMERICA,"BOLIVIA, PLURINATIONAL STATE OF",2012,631
138,SOUTH AMERICA,"BOLIVIA, PLURINATIONAL STATE OF",2013,639
139,SOUTH AMERICA,"BOLIVIA, PLURINATIONAL STATE OF",2014,746
140,SOUTH AMERICA,"BOLIVIA, PLURINATIONAL STATE OF",2015,810
141,SOUTH AMERICA,"BOLIVIA, PLURINATIONAL STATE OF",2016,827
142,SOUTH AMERICA,"BOLIVIA, PLURINATIONAL STATE OF",2017,912
143,SOUTH AMERICA,"BOLIVIA, PLURINATIONAL STATE OF",2018,970
144,EUROPE,BOSNIA AND HERZEGOVINA,2008,913
145,EUROPE,BOSNIA AND HERZEGOVINA,2009,753
146,EUROPE,BOSNIA AND HERZEGOVINA,2010,662
147,EUROPE,BOSNIA AND HERZEGOVINA,2011,722
148,EUROPE,BOSNIA AND HERZEGOVINA,2012,686
149,EUROPE,BOSNIA AND HERZEGOVINA,2013,752
150,EUROPE,BOSNIA AND HERZEGOVINA,2014,755
151,EUROPE,BOSNIA AND HERZEGOVINA,2015,795
152,EUROPE,BOSNIA AND HERZEGOVINA,2016,876
153,EUROPE,BOSNIA AND HERZEGOVINA,2017,985
154,EUROPE,BOSNIA AND HERZEGOVINA,2018,1081
155,AFRICA,BOTSWANA,2008,511
156,AFRICA,BOTSWANA,2009,664
157,AFRICA,BOTSWANA,2010,440
158,AFRICA,BOTSWANA,2011,468
159,AFRICA,BOTSWANA,2012,516
160,AFRICA,BOTSWANA,2013,484
161,AFRICA,BOTSWANA,2014,529
162,AFRICA,BOTSWANA,2015,534
163,AFRICA,BOTSWANA,2016,505
164,AFRICA,BOTSWANA,2017,542
165,AFRICA,BOTSWANA,2018,575
166,SOUTH AMERICA,BRAZIL,2008,6109
167,SOUTH AMERICA,BRAZIL,2009,5635
168,SOUTH AMERICA,BRAZIL,2010,5522
169,SOUTH AMERICA,BRAZIL,2011,6370
170,SOUTH AMERICA,BRAZIL,2012,6623
171,SOUTH AMERICA,BRAZIL,2013,6784
172,SOUTH AMERICA,BRAZIL,2014,7405
173,SOUTH AMERICA,BRAZIL,2015,6254
174,SOUTH AMERICA,BRAZIL,2016,6613
175,SOUTH AMERICA,BRAZIL,2017,6175
176,SOUTH AMERICA,BRAZIL,2018,6324
177,EUROPE,BULGARIA,2008,4852
178,EUROPE,BULGARIA,2009,4273
179,EUROPE,BULGARIA,2010,3807
180,EUROPE,BULGARIA,2011,4297
181,EUROPE,BULGARIA,2012,3975
182,EUROPE,BULGARIA,2013,4410
183,EUROPE,BULGARIA,2014,4518
184,EUROPE,BULGARIA,2015,3583
185,EUROPE,BULGARIA,2016,4164
186,EUROPE,BULGARIA,2017,4678
187,EUROPE,BULGARIA,2018,5072
188,AFRICA,CABO VERDE,2008,432
189,AFRICA,CABO VERDE,2009,349
190,AFRICA,CABO VERDE,2010,387
191,AFRICA,CABO VERDE,2011,438
192,AFRICA,CABO VERDE,2012,452
193,AFRICA,CABO VERDE,2013,483
194,AFRICA,CABO VERDE,2014,453
195,AFRICA,CABO VERDE,2015,380
196,AFRICA,CABO VERDE,2016,397
197,AFRICA,CABO VERDE,2017,450
198,AFRICA,CABO VERDE,2018,524
199,ASIA,CAMBODIA,2008,1280
200,ASIA,CAMBODIA,2009,1463
201,ASIA,CAMBODIA,2010,1671
202,ASIA,CAMBODIA,2011,2258
203,ASIA,CAMBODIA,2012,2663
204,ASIA,CAMBODIA,2013,2895
205,ASIA,CAMBODIA,2014,3220
206,ASIA,CAMBODIA,2015,3419
207,ASIA,CAMBODIA,2016,3523
208,ASIA,CAMBODIA,2017,4024
209,ASIA,CAMBODIA,2018,4832
210,AFRICA,CAMEROON,2008,167
211,AFRICA,CAMEROON,2009,271
212,AFRICA,CAMEROON,2010,171
213,AFRICA,CAMEROON,2011,423
214,AFRICA,CAMEROON,2012,377
215,AFRICA,CAMEROON,2013,607
216,AFRICA,CAMEROON,2014,629
217,AFRICA,CAMEROON,2015,476
218,AFRICA,CAMEROON,2016,508
219,AFRICA,CAMEROON,2017,543
220,AFRICA,CAMEROON,2018,633
221,NORTH AMERICA,CAYMAN ISLANDS,2008,518
222,NORTH AMERICA,CAYMAN ISLANDS,2009,458
223,NORTH AMERICA,CAYMAN ISLANDS,2010,465
224,NORTH AMERICA,CAYMAN ISLANDS,2011,472
225,NORTH AMERICA,CAYMAN ISLANDS,2012,489
226,NORTH AMERICA,CAYMAN ISLANDS,2013,500
227,NORTH AMERICA,CAYMAN ISLANDS,2014,565
228,NORTH AMERICA,CAYMAN ISLANDS,2015,680
229,NORTH AMERICA,CAYMAN ISLANDS,2016,696
230,NORTH AMERICA,CAYMAN ISLANDS,2017,782
231,NORTH AMERICA,CAYMAN ISLANDS,2018,880
232,SOUTH AMERICA,CHILE,2008,2481
233,SOUTH AMERICA,CHILE,2009,2380
234,SOUTH AMERICA,CHILE,2010,2362
235,SOUTH AMERICA,CHILE,2011,2723
236,SOUTH AMERICA,CHILE,2012,3158
237,SOUTH AMERICA,CHILE,2013,3171
238,SOUTH AMERICA,CHILE,2014,3202
239,SOUTH AMERICA,CHILE,2015,3412
240,SOUTH AMERICA,CHILE,2016,3744
241,SOUTH AMERICA,CHILE,2017,4372
242,SOUTH AMERICA,CHILE,2018,3972
243,SOUTH AMERICA,COLOMBIA,2008,2936
244,SOUTH AMERICA,COLOMBIA,2009,3050
245,SOUTH AMERICA,COLOMBIA,2010,3441
246,SOUTH AMERICA,COLOMBIA,2011,3801
247,SOUTH AMERICA,COLOMBIA,2012,4363
248,SOUTH AMERICA,COLOMBIA,2013,4759
249,SOUTH AMERICA,COLOMBIA,2014,4887
250,SOUTH AMERICA,COLOMBIA,2015,5235
251,SOUTH AMERICA,COLOMBIA,2016,5584
252,SOUTH AMERICA,COLOMBIA,2017,5882
253,SOUTH AMERICA,COLOMBIA,2018,6617
254,NORTH AMERICA,COSTA RICA,2008,2811
255,NORTH AMERICA,COSTA RICA,2009,2216
256,NORTH AMERICA,COSTA RICA,2010,2426
257,NORTH AMERICA,COSTA RICA,2011,2646
258,NORTH AMERICA,COSTA RICA,2012,2773
259,NORTH AMERICA,COSTA RICA,2013,3171
260,NORTH AMERICA,COSTA RICA,2014,3137
261,NORTH AMERICA,COSTA RICA,2015,3408
262,NORTH AMERICA,COSTA RICA,2016,3776
263,NORTH AMERICA,COSTA RICA,2017,3826
264,NORTH AMERICA,COSTA RICA,2018,3995
265,EUROPE,CROATIA,2008,11615
266,EUROPE,CROATIA,2009,9300
267,EUROPE,CROATIA,2010,8299
268,EUROPE,CROATIA,2011,9598
269,EUROPE,CROATIA,2012,8912
270,EUROPE,CROATIA,2013,9715
271,EUROPE,CROATIA,2014,10079
272,EUROPE,CROATIA,2015,9018
273,EUROPE,CROATIA,2016,9820
274,EUROPE,CROATIA,2017,11128
275,EUROPE,CROATIA,2018,12075
276,NORTH AMERICA,CUBA,2008,2535
277,NORTH AMERICA,CUBA,2009,2249
278,NORTH AMERICA,CUBA,2010,2396
279,NORTH AMERICA,CUBA,2011,2503
280,NORTH AMERICA,CUBA,2012,2614
281,NORTH AMERICA,CUBA,2013,2608
282,NORTH AMERICA,CUBA,2014,2546
283,NORTH AMERICA,CUBA,2015,2819
284,NORTH AMERICA,CUBA,2016,3069
285,NORTH AMERICA,CUBA,2017,3302
286,NORTH AMERICA,CUBA,2018,2969
287,NORTH AMERICA,CURACAO,2008,383
288,NORTH AMERICA,CURACAO,2009,378
289,NORTH AMERICA,CURACAO,2010,438
290,NORTH AMERICA,CURACAO,2011,540
291,NORTH AMERICA,CURACAO,2012,676
292,NORTH AMERICA,CURACAO,2013,778
293,NORTH AMERICA,CURACAO,2014,820
294,NORTH AMERICA,CURACAO,2015,712
295,NORTH AMERICA,CURACAO,2016,644
296,NORTH AMERICA,CURACAO,2017,572
297,NORTH AMERICA,CURACAO,2018,605
298,EUROPE,CYPRUS,2008,3232
299,EUROPE,CYPRUS,2009,2476
300,EUROPE,CYPRUS,2010,2137
301,EUROPE,CYPRUS,2011,2603
302,EUROPE,CYPRUS,2012,2603
303,EUROPE,CYPRUS,2013,2930
304,EUROPE,CYPRUS,2014,2924
305,EUROPE,CYPRUS,2015,2526
306,EUROPE,CYPRUS,2016,2870
307,EUROPE,CYPRUS,2017,3274
308,EUROPE,CYPRUS,2018,3449
309,EUROPE,CZECH REPUBLIC,2008,9228
310,EUROPE,CZECH REPUBLIC,2009,8164
311,EUROPE,CZECH REPUBLIC,2010,8068
312,EUROPE,CZECH REPUBLIC,2011,8930
313,EUROPE,CZECH REPUBLIC,2012,8174
314,EUROPE,CZECH REPUBLIC,2013,7792
315,EUROPE,CZECH REPUBLIC,2014,7614
316,EUROPE,CZECH REPUBLIC,2015,6766
317,EUROPE,CZECH REPUBLIC,2016,7041
318,EUROPE,CZECH REPUBLIC,2017,7695
319,EUROPE,CZECH REPUBLIC,2018,8291
320,SOUTH AMERICA,ECUADOR,2008,745
321,SOUTH AMERICA,ECUADOR,2009,674
322,SOUTH AMERICA,ECUADOR,2010,786
323,SOUTH AMERICA,ECUADOR,2011,849
324,SOUTH AMERICA,ECUADOR,2012,1039
325,SOUTH AMERICA,ECUADOR,2013,1251
326,SOUTH AMERICA,ECUADOR,2014,1487
327,SOUTH AMERICA,ECUADOR,2015,1557
328,SOUTH AMERICA,ECUADOR,2016,1450
329,SOUTH AMERICA,ECUADOR,2017,1554
330,SOUTH AMERICA,ECUADOR,2018,1878
331,AFRICA,EGYPT,2008,12104
332,AFRICA,EGYPT,2009,11757
333,AFRICA,EGYPT,2010,13633
334,AFRICA,EGYPT,2011,9333
335,AFRICA,EGYPT,2012,10823
336,AFRICA,EGYPT,2013,6747
337,AFRICA,EGYPT,2014,7979
338,AFRICA,EGYPT,2015,6897
339,AFRICA,EGYPT,2016,3306
340,AFRICA,EGYPT,2017,8636
341,AFRICA,EGYPT,2018,12704
342,NORTH AMERICA,EL SALVADOR,2008,711
343,NORTH AMERICA,EL SALVADOR,2009,549
344,NORTH AMERICA,EL SALVADOR,2010,646
345,NORTH AMERICA,EL SALVADOR,2011,729
346,NORTH AMERICA,EL SALVADOR,2012,900
347,NORTH AMERICA,EL SALVADOR,2013,1054
348,NORTH AMERICA,EL SALVADOR,2014,1285
349,NORTH AMERICA,EL SALVADOR,2015,1203
350,NORTH AMERICA,EL SALVADOR,2016,1161
351,NORTH AMERICA,EL SALVADOR,2017,1227
352,NORTH AMERICA,EL SALVADOR,2018,1370
353,AFRICA,ESWATINI,2008,26
354,AFRICA,ESWATINI,2009,40
355,AFRICA,ESWATINI,2010,51
356,AFRICA,ESWATINI,2011,10
357,AFRICA,ESWATINI,2012,29
358,AFRICA,ESWATINI,2013,4
359,AFRICA,ESWATINI,2014,16
360,AFRICA,ESWATINI,2015,14
361,AFRICA,ESWATINI,2016,13
362,AFRICA,ESWATINI,2017,13
363,AFRICA,ESWATINI,2018,16
364,AFRICA,ETHIOPIA,2008,1184
365,AFRICA,ETHIOPIA,2009,1119
366,AFRICA,ETHIOPIA,2010,1434
367,AFRICA,ETHIOPIA,2011,1998
368,AFRICA,ETHIOPIA,2012,1980
369,AFRICA,ETHIOPIA,2013,2236
370,AFRICA,ETHIOPIA,2014,2107
371,AFRICA,ETHIOPIA,2015,2279
372,AFRICA,ETHIOPIA,2016,2138
373,AFRICA,ETHIOPIA,2017,2505
374,AFRICA,ETHIOPIA,2018,3548
375,OCEANIA,FIJI,2008,952
376,OCEANIA,FIJI,2009,688
377,OCEANIA,FIJI,2010,825
378,OCEANIA,FIJI,2011,955
379,OCEANIA,FIJI,2012,989
380,OCEANIA,FIJI,2013,966
381,OCEANIA,FIJI,2014,1091
382,OCEANIA,FIJI,2015,1093
383,OCEANIA,FIJI,2016,1149
384,OCEANIA,FIJI,2017,1243
385,OCEANIA,FIJI,2018,1370
386,EUROPE,FINLAND,2008,4874
387,EUROPE,FINLAND,2009,4070
388,EUROPE,FINLAND,2010,4497
389,EUROPE,FINLAND,2011,5612
390,EUROPE,FINLAND,2012,5419
391,EUROPE,FINLAND,2013,5774
392,EUROPE,FINLAND,2014,5407
393,EUROPE,FINLAND,2015,4009
394,EUROPE,FINLAND,2016,4016
395,EUROPE,FINLAND,2017,5207
396,EUROPE,FINLAND,2018,5663
397,EUROPE,FRANCE,2008,68034
398,EUROPE,FRANCE,2009,58906
399,EUROPE,FRANCE,2010,56178
400,EUROPE,FRANCE,2011,66133
401,EUROPE,FRANCE,2012,63975
402,EUROPE,FRANCE,2013,66054
403,EUROPE,FRANCE,2014,67402
404,EUROPE,FRANCE,2015,66441
405,EUROPE,FRANCE,2016,63557
406,EUROPE,FRANCE,2017,67936
407,EUROPE,FRANCE,2018,73125
408,AFRICA,GAMBIA,2008,80
409,AFRICA,GAMBIA,2009,64
410,AFRICA,GAMBIA,2010,80
411,AFRICA,GAMBIA,2011,86
412,AFRICA,GAMBIA,2012,104
413,AFRICA,GAMBIA,2013,78
414,AFRICA,GAMBIA,2014,110
415,AFRICA,GAMBIA,2015,121
416,AFRICA,GAMBIA,2016,120
417,AFRICA,GAMBIA,2017,116
418,AFRICA,GAMBIA,2018,168
419,ASIA,GEORGIA,2008,505
420,ASIA,GEORGIA,2009,537
421,ASIA,GEORGIA,2010,737
422,ASIA,GEORGIA,2011,1069
423,ASIA,GEORGIA,2012,1565
424,ASIA,GEORGIA,2013,1916
425,ASIA,GEORGIA,2014,1972
426,ASIA,GEORGIA,2015,2049
427,ASIA,GEORGIA,2016,2315
428,ASIA,GEORGIA,2017,2971
429,ASIA,GEORGIA,2018,3518
430,EUROPE,GERMANY,2008,53402
431,EUROPE,GERMANY,2009,47499
432,EUROPE,GERMANY,2010,49116
433,EUROPE,GERMANY,2011,53465
434,EUROPE,GERMANY,2012,51626
435,EUROPE,GERMANY,2013,55486
436,EUROPE,GERMANY,2014,58721
437,EUROPE,GERMANY,2015,50669
438,EUROPE,GERMANY,2016,52229
439,EUROPE,GERMANY,2017,56330
440,EUROPE,GERMANY,2018,60260
441,AFRICA,GHANA,2008,970
442,AFRICA,GHANA,2009,849
443,AFRICA,GHANA,2010,706
444,AFRICA,GHANA,2011,797
445,AFRICA,GHANA,2012,1154
446,AFRICA,GHANA,2013,1010
447,AFRICA,GHANA,2014,1027
448,AFRICA,GHANA,2015,911
449,AFRICA,GHANA,2016,952
450,AFRICA,GHANA,2017,919
451,AFRICA,GHANA,2018,996
452,EUROPE,GREECE,2008,17608
453,EUROPE,GREECE,2009,16038
454,EUROPE,GREECE,2010,13857
455,EUROPE,GREECE,2011,16269
456,EUROPE,GREECE,2012,14665
457,EUROPE,GREECE,2013,17433
458,EUROPE,GREECE,2014,19489
459,EUROPE,GREECE,2015,17547
460,EUROPE,GREECE,2016,16811
461,EUROPE,GREECE,2017,19139
462,EUROPE,GREECE,2018,21594
463,NORTH AMERICA,HONDURAS,2008,620
464,NORTH AMERICA,HONDURAS,2009,616
465,NORTH AMERICA,HONDURAS,2010,627
466,NORTH AMERICA,HONDURAS,2011,642
467,NORTH AMERICA,HONDURAS,2012,684
468,NORTH AMERICA,HONDURAS,2013,618
469,NORTH AMERICA,HONDURAS,2014,706
470,NORTH AMERICA,HONDURAS,2015,671
471,NORTH AMERICA,HONDURAS,2016,700
472,NORTH AMERICA,HONDURAS,2017,722
473,NORTH AMERICA,HONDURAS,2018,745
474,ASIA,"HONG KONG, CHINA",2008,20236
475,ASIA,"HONG KONG, CHINA",2009,20291
476,ASIA,"HONG KONG, CHINA",2010,27208
477,ASIA,"HONG KONG, CHINA",2011,33169
478,ASIA,"HONG KONG, CHINA",2012,37098
479,ASIA,"HONG KONG, CHINA",2013,42426
480,ASIA,"HONG KONG, CHINA",2014,46352
481,ASIA,"HONG KONG, CHINA",2015,42491
482,ASIA,"HONG KONG, CHINA",2016,37838
483,ASIA,"HONG KONG, CHINA",2017,38170
484,ASIA,"HONG KONG, CHINA",2018,41870
485,EUROPE,HUNGARY,2008,7533
486,EUROPE,HUNGARY,2009,7013
487,EUROPE,HUNGARY,2010,6595
488,EUROPE,HUNGARY,2011,7239
489,EUROPE,HUNGARY,2012,6149
490,EUROPE,HUNGARY,2013,6671
491,EUROPE,HUNGARY,2014,7483
492,EUROPE,HUNGARY,2015,6929
493,EUROPE,HUNGARY,2016,7481
494,EUROPE,HUNGARY,2017,8448
495,EUROPE,HUNGARY,2018,9595
496,EUROPE,ICELAND,2008,881
497,ASIA,INDIA,2018,29143
498,ASIA,INDONESIA,2008,8150
499,ASIA,INDONESIA,2009,6053
500,ASIA,INDONESIA,2010,7618
501,ASIA,INDONESIA,2011,9038
502,ASIA,INDONESIA,2012,9463
503,ASIA,INDONESIA,2013,10302
504,ASIA,INDONESIA,2014,11567
505,ASIA,INDONESIA,2015,12054
506,ASIA,INDONESIA,2016,12566
507,ASIA,INDONESIA,2017,14691
508,ASIA,INDONESIA,2018,15600
509,ASIA,IRAQ,2008,867
510,ASIA,IRAQ,2009,1432
511,ASIA,IRAQ,2010,1736
512,ASIA,IRAQ,2011,1557
513,ASIA,IRAQ,2012,1640
514,ASIA,IRAQ,2013,1682
515,ASIA,IRAQ,2014,1938
516,ASIA,IRAQ,2015,2833
517,ASIA,IRAQ,2016,3120
518,ASIA,IRAQ,2017,2959
519,ASIA,IRAQ,2018,1986
520,EUROPE,IRELAND,2008,9972
521,EUROPE,IRELAND,2009,8465
522,EUROPE,IRELAND,2010,8185
523,EUROPE,IRELAND,2011,9532
524,EUROPE,IRELAND,2012,9060
525,EUROPE,IRELAND,2013,9536
526,EUROPE,IRELAND,2014,11097
527,EUROPE,IRELAND,2015,11479
528,EUROPE,IRELAND,2016,11429
529,EUROPE,IRELAND,2017,14294
530,EUROPE,IRELAND,2018,14658
531,ASIA,ISRAEL,2008,5271
532,ASIA,ISRAEL,2009,4924
533,ASIA,ISRAEL,2010,5621
534,ASIA,ISRAEL,2011,5869
535,ASIA,ISRAEL,2012,6165
536,ASIA,ISRAEL,2013,6577
537,ASIA,ISRAEL,2014,6590
538,ASIA,ISRAEL,2015,6574
539,ASIA,ISRAEL,2016,6587
540,ASIA,ISRAEL,2017,7578
541,ASIA,ISRAEL,2018,8073
542,ASIA,JAPAN,2008,13781
543,ASIA,JAPAN,2009,12537
544,ASIA,JAPAN,2010,15356
545,ASIA,JAPAN,2011,12533
546,ASIA,JAPAN,2012,16197
547,ASIA,JAPAN,2013,16865
548,ASIA,JAPAN,2014,20790
549,ASIA,JAPAN,2015,27285
550,ASIA,JAPAN,2016,33456
551,ASIA,JAPAN,2017,36978
552,ASIA,JAPAN,2018,45276
553,ASIA,JORDAN,2008,3539
554,ASIA,JORDAN,2009,3472
555,ASIA,JORDAN,2010,4390
556,ASIA,JORDAN,2011,4351
557,ASIA,JORDAN,2012,5123
558,ASIA,JORDAN,2013,5145
559,ASIA,JORDAN,2014,5518
560,ASIA,JORDAN,2015,4968
561,ASIA,JORDAN,2016,4943
562,ASIA,JORDAN,2017,5549
563,ASIA,JORDAN,2018,6221
564,ASIA,KAZAKHSTAN,2008,1255
565,ASIA,KAZAKHSTAN,2009,1185
566,ASIA,KAZAKHSTAN,2010,1236
567,ASIA,KAZAKHSTAN,2011,1524
568,ASIA,KAZAKHSTAN,2012,2154
569,ASIA,KAZAKHSTAN,2013,2365
570,ASIA,KAZAKHSTAN,2014,2239
571,ASIA,KAZAKHSTAN,2015,1833
572,ASIA,KAZAKHSTAN,2016,2038
573,ASIA,KAZAKHSTAN,2017,2356
574,ASIA,KAZAKHSTAN,2018,2651
575,ASIA,"KOREA, REPUBLIC OF",2008,13440
576,ASIA,"KOREA, REPUBLIC OF",2009,13262
577,ASIA,"KOREA, REPUBLIC OF",2010,14315
578,ASIA,"KOREA, REPUBLIC OF",2011,17329
579,ASIA,"KOREA, REPUBLIC OF",2012,18731
580,ASIA,"KOREA, REPUBLIC OF",2013,19457
581,ASIA,"KOREA, REPUBLIC OF",2014,22390
582,ASIA,"KOREA, REPUBLIC OF",2015,18711
583,ASIA,"KOREA, REPUBLIC OF",2016,20924
584,ASIA,"KOREA, REPUBLIC OF",2017,17173
585,ASIA,"KOREA, REPUBLIC OF",2018,19856
586,ASIA,KUWAIT,2008,610
587,ASIA,KUWAIT,2009,660
588,ASIA,KUWAIT,2010,574
589,ASIA,KUWAIT,2011,644
590,ASIA,KUWAIT,2012,780
591,ASIA,KUWAIT,2013,619
592,ASIA,KUWAIT,2014,615
593,ASIA,KUWAIT,2015,931
594,ASIA,KUWAIT,2016,831
595,ASIA,KUWAIT,2017,643
596,ASIA,KUWAIT,2018,919
597,ASIA,KYRGYZSTAN,2008,569
598,ASIA,KYRGYZSTAN,2009,300
599,ASIA,KYRGYZSTAN,2010,212
600,ASIA,KYRGYZSTAN,2011,405
601,ASIA,KYRGYZSTAN,2012,486
602,ASIA,KYRGYZSTAN,2013,585
603,ASIA,KYRGYZSTAN,2014,468
604,ASIA,KYRGYZSTAN,2015,482
605,ASIA,KYRGYZSTAN,2016,477
606,ASIA,KYRGYZSTAN,2017,480
607,ASIA,KYRGYZSTAN,2018,487
608,ASIA,LAO PEOPLE'S DEMOCRATIC REPUBLIC,2008,280
609,ASIA,LAO PEOPLE'S DEMOCRATIC REPUBLIC,2009,271
610,ASIA,LAO PEOPLE'S DEMOCRATIC REPUBLIC,2010,385
611,ASIA,LAO PEOPLE'S DEMOCRATIC REPUBLIC,2011,413
612,ASIA,LAO PEOPLE'S DEMOCRATIC REPUBLIC,2012,461
613,ASIA,LAO PEOPLE'S DEMOCRATIC REPUBLIC,2013,613
614,ASIA,LAO PEOPLE'S DEMOCRATIC REPUBLIC,2014,642
615,ASIA,LAO PEOPLE'S DEMOCRATIC REPUBLIC,2015,725
616,ASIA,LAO PEOPLE'S DEMOCRATIC REPUBLIC,2016,717
617,ASIA,LAO PEOPLE'S DEMOCRATIC REPUBLIC,2017,655
618,ASIA,LAO PEOPLE'S DEMOCRATIC REPUBLIC,2018,757
619,ASIA,LEBANON,2008,6317
620,ASIA,LEBANON,2009,7157
621,ASIA,LEBANON,2010,8026
622,ASIA,LEBANON,2011,6797
623,ASIA,LEBANON,2012,7361
624,ASIA,LEBANON,2013,7032
625,ASIA,LEBANON,2014,6835
626,ASIA,LEBANON,2015,7087
627,ASIA,LEBANON,2016,7373
628,ASIA,LEBANON,2017,8086
629,ASIA,LEBANON,2018,8694
630,EUROPE,LUXEMBOURG,2008,4918
631,EUROPE,LUXEMBOURG,2009,4546
632,EUROPE,LUXEMBOURG,2010,4519
633,EUROPE,LUXEMBOURG,2011,5358
634,EUROPE,LUXEMBOURG,2012,5395
635,EUROPE,LUXEMBOURG,2013,5629
636,EUROPE,LUXEMBOURG,2014,6033
637,EUROPE,LUXEMBOURG,2015,4762
638,EUROPE,LUXEMBOURG,2016,4766
639,EUROPE,LUXEMBOURG,2017,4993
640,EUROPE,LUXEMBOURG,2018,5537
641,ASIA,"MACAO, CHINA",2008,13749
642,ASIA,"MACAO, CHINA",2009,15182
643,ASIA,"MACAO, CHINA",2010,22688
644,ASIA,"MACAO, CHINA",2011,31118
645,ASIA,"MACAO, CHINA",2012,36521
646,ASIA,"MACAO, CHINA",2013,43665
647,ASIA,"MACAO, CHINA",2014,43303
648,ASIA,"MACAO, CHINA",2015,31500
649,ASIA,"MACAO, CHINA",2016,31015
650,ASIA,"MACAO, CHINA",2017,36465
651,ASIA,"MACAO, CHINA",2018,40358
652,AFRICA,MADAGASCAR,2008,440
653,AFRICA,MADAGASCAR,2009,328
654,AFRICA,MADAGASCAR,2010,425
655,AFRICA,MADAGASCAR,2011,507
656,AFRICA,MADAGASCAR,2012,596
657,AFRICA,MADAGASCAR,2013,609
658,AFRICA,MADAGASCAR,2014,740
659,AFRICA,MADAGASCAR,2015,696
660,AFRICA,MADAGASCAR,2016,913
661,AFRICA,MADAGASCAR,2017,849
662,AFRICA,MADAGASCAR,2018,879
663,AFRICA,MALAWI,2008,43
664,AFRICA,MALAWI,2009,46
665,AFRICA,MALAWI,2010,45
666,AFRICA,MALAWI,2011,36
667,AFRICA,MALAWI,2012,35
668,AFRICA,MALAWI,2013,33
669,AFRICA,MALAWI,2014,36
670,AFRICA,MALAWI,2015,39
671,AFRICA,MALAWI,2016,30
672,AFRICA,MALAWI,2017,35
673,AFRICA,MALAWI,2018,43
674,ASIA,MALAYSIA,2008,18553
675,ASIA,MALAYSIA,2009,17231
676,ASIA,MALAYSIA,2010,19619
677,ASIA,MALAYSIA,2011,21338
678,ASIA,MALAYSIA,2012,21711
679,ASIA,MALAYSIA,2013,23283
680,ASIA,MALAYSIA,2014,24469
681,ASIA,MALAYSIA,2015,19194
682,ASIA,MALAYSIA,2016,19682
683,ASIA,MALAYSIA,2017,20311
684,ASIA,MALAYSIA,2018,21774
685,OCEANIA,MARSHALL ISLANDS,2008,3
686,OCEANIA,MARSHALL ISLANDS,2009,3
687,OCEANIA,MARSHALL ISLANDS,2010,4
688,OCEANIA,MARSHALL ISLANDS,2011,5
689,OCEANIA,MARSHALL ISLANDS,2012,4
690,OCEANIA,MARSHALL ISLANDS,2013,4
691,OCEANIA,MARSHALL ISLANDS,2014,5
692,OCEANIA,MARSHALL ISLANDS,2015,2
693,OCEANIA,MARSHALL ISLANDS,2016,30
694,OCEANIA,MARSHALL ISLANDS,2017,18
695,OCEANIA,MARSHALL ISLANDS,2018,20
696,NORTH AMERICA,MARTINIQUE,2008,463
697,NORTH AMERICA,MARTINIQUE,2009,420
698,NORTH AMERICA,MARTINIQUE,2010,472
699,NORTH AMERICA,MARTINIQUE,2011,516
700,NORTH AMERICA,MARTINIQUE,2012,462
701,NORTH AMERICA,MARTINIQUE,2013,484
702,NORTH AMERICA,MARTINIQUE,2014,483
703,NORTH AMERICA,MARTINIQUE,2015,334
704,NORTH AMERICA,MARTINIQUE,2016,348
705,NORTH AMERICA,MARTINIQUE,2017,510
706,NORTH AMERICA,MARTINIQUE,2018,530
707,AFRICA,MAURITIUS,2008,1823
708,AFRICA,MAURITIUS,2009,1390
709,AFRICA,MAURITIUS,2010,1585
710,AFRICA,MAURITIUS,2011,1808
711,AFRICA,MAURITIUS,2012,1778
712,AFRICA,MAURITIUS,2013,1593
713,AFRICA,MAURITIUS,2014,1719
714,AFRICA,MAURITIUS,2015,1680
715,AFRICA,MAURITIUS,2016,1824
716,AFRICA,MAURITIUS,2017,2005
717,AFRICA,MAURITIUS,2018,2161
718,NORTH AMERICA,MEXICO,2008,14726
719,NORTH AMERICA,MEXICO,2009,12542
720,NORTH AMERICA,MEXICO,2010,12628
721,NORTH AMERICA,MEXICO,2011,12458
722,NORTH AMERICA,MEXICO,2012,13320
723,NORTH AMERICA,MEXICO,2013,14311
724,NORTH AMERICA,MEXICO,2014,16606
725,NORTH AMERICA,MEXICO,2015,18729
726,NORTH AMERICA,MEXICO,2016,20619
727,NORTH AMERICA,MEXICO,2017,22467
728,NORTH AMERICA,MEXICO,2018,23802
729,EUROPE,"MOLDOVA, REPUBLIC OF",2008,293
730,EUROPE,"MOLDOVA, REPUBLIC OF",2009,240
731,EUROPE,"MOLDOVA, REPUBLIC OF",2010,222
732,EUROPE,"MOLDOVA, REPUBLIC OF",2011,253
733,EUROPE,"MOLDOVA, REPUBLIC OF",2012,279
734,EUROPE,"MOLDOVA, REPUBLIC OF",2013,324
735,EUROPE,"MOLDOVA, REPUBLIC OF",2014,328
736,EUROPE,"MOLDOVA, REPUBLIC OF",2015,300
737,EUROPE,"MOLDOVA, REPUBLIC OF",2016,344
738,EUROPE,"MOLDOVA, REPUBLIC OF",2017,443
739,EUROPE,"MOLDOVA, REPUBLIC OF",2018,500
740,ASIA,MONGOLIA,2008,272
741,ASIA,MONGOLIA,2009,253
742,ASIA,MONGOLIA,2010,288
743,ASIA,MONGOLIA,2011,197
744,ASIA,MONGOLIA,2012,215
745,ASIA,MONGOLIA,2013,236
746,ASIA,MONGOLIA,2014,257
747,ASIA,MONGOLIA,2015,279
748,ASIA,MONGOLIA,2016,379
749,ASIA,MONGOLIA,2017,462
750,ASIA,MONGOLIA,2018,526
751,EUROPE,MONTENEGRO,2008,859
752,EUROPE,MONTENEGRO,2009,792
753,EUROPE,MONTENEGRO,2010,765
754,EUROPE,MONTENEGRO,2011,926
755,EUROPE,MONTENEGRO,2012,860
756,EUROPE,MONTENEGRO,2013,929
757,EUROPE,MONTENEGRO,2014,959
758,EUROPE,MONTENEGRO,2015,947
759,EUROPE,MONTENEGRO,2016,978
760,EUROPE,MONTENEGRO,2017,1110
761,EUROPE,MONTENEGRO,2018,1224
762,AFRICA,MOROCCO,2008,8885
763,AFRICA,MOROCCO,2009,7980
764,AFRICA,MOROCCO,2010,8176
765,AFRICA,MOROCCO,2011,9101
766,AFRICA,MOROCCO,2012,8491
767,AFRICA,MOROCCO,2013,8201
768,AFRICA,MOROCCO,2014,9070
769,AFRICA,MOROCCO,2015,7765
770,AFRICA,MOROCCO,2016,7922
771,AFRICA,MOROCCO,2017,9086
772,AFRICA,MOROCCO,2018,9523
773,AFRICA,MOZAMBIQUE,2008,213
774,AFRICA,MOZAMBIQUE,2009,217
775,AFRICA,MOZAMBIQUE,2010,135
776,AFRICA,MOZAMBIQUE,2011,171
777,AFRICA,MOZAMBIQUE,2012,224
778,AFRICA,MOZAMBIQUE,2013,228
779,AFRICA,MOZAMBIQUE,2014,225
780,AFRICA,MOZAMBIQUE,2015,202
781,AFRICA,MOZAMBIQUE,2016,114
782,AFRICA,MOZAMBIQUE,2017,164
783,AFRICA,MOZAMBIQUE,2018,331
784,ASIA,MYANMAR,2008,80
785,ASIA,MYANMAR,2009,75
786,ASIA,MYANMAR,2010,91
787,ASIA,MYANMAR,2011,334
788,ASIA,MYANMAR,2012,550
789,ASIA,MYANMAR,2013,964
790,ASIA,MYANMAR,2014,1687
791,ASIA,MYANMAR,2015,2199
792,ASIA,MYANMAR,2016,2289
793,ASIA,MYANMAR,2017,1988
794,ASIA,MYANMAR,2018,1670
795,AFRICA,NAMIBIA,2008,484
796,AFRICA,NAMIBIA,2009,512
797,AFRICA,NAMIBIA,2010,473
798,AFRICA,NAMIBIA,2011,520
799,AFRICA,NAMIBIA,2012,635
800,AFRICA,NAMIBIA,2013,361
801,AFRICA,NAMIBIA,2014,552
802,AFRICA,NAMIBIA,2015,540
803,AFRICA,NAMIBIA,2016,349
804,AFRICA,NAMIBIA,2017,449
805,AFRICA,NAMIBIA,2018,488
806,ASIA,NEPAL,2008,353
807,ASIA,NEPAL,2009,439
808,ASIA,NEPAL,2010,378
809,ASIA,NEPAL,2011,415
810,ASIA,NEPAL,2012,379
811,ASIA,NEPAL,2013,460
812,ASIA,NEPAL,2014,511
813,ASIA,NEPAL,2015,509
814,ASIA,NEPAL,2016,498
815,ASIA,NEPAL,2017,712
816,ASIA,NEPAL,2018,744
817,AFRICA,NIGERIA,2008,958
818,AFRICA,NIGERIA,2009,791
819,AFRICA,NIGERIA,2010,736
820,AFRICA,NIGERIA,2011,688
821,AFRICA,NIGERIA,2012,638
822,AFRICA,NIGERIA,2013,616
823,AFRICA,NIGERIA,2014,605
824,AFRICA,NIGERIA,2015,461
825,AFRICA,NIGERIA,2016,1088
826,AFRICA,NIGERIA,2017,2615
827,AFRICA,NIGERIA,2018,1977
828,EUROPE,NORTH MACEDONIA,2008,262
829,EUROPE,NORTH MACEDONIA,2009,232
830,EUROPE,NORTH MACEDONIA,2010,199
831,EUROPE,NORTH MACEDONIA,2011,242
832,EUROPE,NORTH MACEDONIA,2012,237
833,EUROPE,NORTH MACEDONIA,2013,270
834,EUROPE,NORTH MACEDONIA,2014,298
835,EUROPE,NORTH MACEDONIA,2015,268
836,EUROPE,NORTH MACEDONIA,2016,283
837,EUROPE,NORTH MACEDONIA,2017,331
838,EUROPE,NORTH MACEDONIA,2018,387
839,EUROPE,NORWAY,2008,5702
840,EUROPE,NORWAY,2009,4949
841,EUROPE,NORWAY,2010,5299
842,EUROPE,NORWAY,2011,6565
843,EUROPE,NORWAY,2012,6784
844,EUROPE,NORWAY,2013,7175
845,EUROPE,NORWAY,2014,7503
846,EUROPE,NORWAY,2015,6370
847,EUROPE,NORWAY,2016,6285
848,EUROPE,NORWAY,2017,6840
849,EUROPE,NORWAY,2018,7096
850,ASIA,OMAN,2008,1105
851,ASIA,OMAN,2009,1092
852,ASIA,OMAN,2010,1072
853,ASIA,OMAN,2011,1515
854,ASIA,OMAN,2012,1723
855,ASIA,OMAN,2013,1888
856,ASIA,OMAN,2014,1971
857,ASIA,OMAN,2015,2247
858,ASIA,OMAN,2016,2390
859,ASIA,OMAN,2017,2717
860,ASIA,OMAN,2018,2975
861,ASIA,PAKISTAN,2008,986
862,ASIA,PAKISTAN,2009,950
863,ASIA,PAKISTAN,2010,998
864,ASIA,PAKISTAN,2011,1127
865,ASIA,PAKISTAN,2012,1014
866,ASIA,PAKISTAN,2013,938
867,ASIA,PAKISTAN,2014,971
868,ASIA,PAKISTAN,2015,915
869,ASIA,PAKISTAN,2016,791
870,ASIA,PAKISTAN,2017,866
871,ASIA,PAKISTAN,2018,818
872,NORTH AMERICA,PANAMA,2008,2208
873,NORTH AMERICA,PANAMA,2009,2280
874,NORTH AMERICA,PANAMA,2010,2621
875,NORTH AMERICA,PANAMA,2011,3630
876,NORTH AMERICA,PANAMA,2012,4585
877,NORTH AMERICA,PANAMA,2013,5419
878,NORTH AMERICA,PANAMA,2014,5749
879,NORTH AMERICA,PANAMA,2015,5754
880,NORTH AMERICA,PANAMA,2016,6280
881,NORTH AMERICA,PANAMA,2017,6824
882,NORTH AMERICA,PANAMA,2018,5615
883,SOUTH AMERICA,PARAGUAY,2008,128
884,SOUTH AMERICA,PARAGUAY,2009,225
885,SOUTH AMERICA,PARAGUAY,2010,243
886,SOUTH AMERICA,PARAGUAY,2011,261
887,SOUTH AMERICA,PARAGUAY,2012,291
888,SOUTH AMERICA,PARAGUAY,2013,299
889,SOUTH AMERICA,PARAGUAY,2014,314
890,SOUTH AMERICA,PARAGUAY,2015,348
891,SOUTH AMERICA,PARAGUAY,2016,356
892,SOUTH AMERICA,PARAGUAY,2017,399
893,SOUTH AMERICA,PARAGUAY,2018,393
894,SOUTH AMERICA,PERU,2008,2396
895,SOUTH AMERICA,PERU,2009,2440
896,SOUTH AMERICA,PERU,2010,2475
897,SOUTH AMERICA,PERU,2011,2814
898,SOUTH AMERICA,PERU,2012,3074
899,SOUTH AMERICA,PERU,2013,3916
900,SOUTH AMERICA,PERU,2014,3907
901,SOUTH AMERICA,PERU,2015,4140
902,SOUTH AMERICA,PERU,2016,4288
903,SOUTH AMERICA,PERU,2017,4573
904,SOUTH AMERICA,PERU,2018,4894
905,ASIA,PHILIPPINES,2008,3293
906,ASIA,PHILIPPINES,2009,2916
907,ASIA,PHILIPPINES,2010,3441
908,ASIA,PHILIPPINES,2011,4053
909,ASIA,PHILIPPINES,2012,4963
910,ASIA,PHILIPPINES,2013,5599
911,ASIA,PHILIPPINES,2014,6059
912,ASIA,PHILIPPINES,2015,6414
913,ASIA,PHILIPPINES,2016,6289
914,ASIA,PHILIPPINES,2017,8349
915,ASIA,PHILIPPINES,2018,9730
916,EUROPE,POLAND,2008,12895
917,EUROPE,POLAND,2009,9889
918,EUROPE,POLAND,2010,10036
919,EUROPE,POLAND,2011,11652
920,EUROPE,POLAND,2012,11889
921,EUROPE,POLAND,2013,12433
922,EUROPE,POLAND,2014,12925
923,EUROPE,POLAND,2015,11355
924,EUROPE,POLAND,2016,12052
925,EUROPE,POLAND,2017,14083
926,EUROPE,POLAND,2018,15748
927,EUROPE,PORTUGAL,2008,14081
928,EUROPE,PORTUGAL,2009,12357
929,EUROPE,PORTUGAL,2010,12984
930,EUROPE,PORTUGAL,2011,14911
931,EUROPE,PORTUGAL,2012,14578
932,EUROPE,PORTUGAL,2013,16080
933,EUROPE,PORTUGAL,2014,17577
934,EUROPE,PORTUGAL,2015,16007
935,EUROPE,PORTUGAL,2016,17347
936,EUROPE,PORTUGAL,2017,21586
937,EUROPE,PORTUGAL,2018,24105
938,NORTH AMERICA,PUERTO RICO,2008,3535
939,NORTH AMERICA,PUERTO RICO,2009,3176
940,NORTH AMERICA,PUERTO RICO,2010,3211
941,NORTH AMERICA,PUERTO RICO,2011,3143
942,NORTH AMERICA,PUERTO RICO,2012,3193
943,NORTH AMERICA,PUERTO RICO,2013,3311
944,NORTH AMERICA,PUERTO RICO,2014,3439
945,NORTH AMERICA,PUERTO RICO,2015,3825
946,NORTH AMERICA,PUERTO RICO,2016,3974
947,NORTH AMERICA,PUERTO RICO,2017,3848
948,NORTH AMERICA,PUERTO RICO,2018,3282
949,AFRICA,REUNION,2008,425
950,AFRICA,REUNION,2009,441
951,AFRICA,REUNION,2010,392
952,AFRICA,REUNION,2011,445
953,AFRICA,REUNION,2012,415
954,AFRICA,REUNION,2013,418
955,AFRICA,REUNION,2014,354
956,AFRICA,REUNION,2015,333
957,AFRICA,REUNION,2016,343
958,AFRICA,REUNION,2017,427
959,AFRICA,REUNION,2018,495
960,EUROPE,ROMANIA,2008,2626
961,EUROPE,ROMANIA,2009,1688
962,EUROPE,ROMANIA,2010,1631
963,EUROPE,ROMANIA,2011,2016
964,EUROPE,ROMANIA,2012,1904
965,EUROPE,ROMANIA,2013,2048
966,EUROPE,ROMANIA,2014,2225
967,EUROPE,ROMANIA,2015,2097
968,EUROPE,ROMANIA,2016,2172
969,EUROPE,ROMANIA,2017,3008
970,EUROPE,ROMANIA,2018,3261
971,EUROPE,RUSSIAN FEDERATION,2008,15821
972,EUROPE,RUSSIAN FEDERATION,2009,12369
973,EUROPE,RUSSIAN FEDERATION,2010,13239
974,EUROPE,RUSSIAN FEDERATION,2011,16961
975,EUROPE,RUSSIAN FEDERATION,2012,17876
976,EUROPE,RUSSIAN FEDERATION,2013,20198
977,EUROPE,RUSSIAN FEDERATION,2014,19451
978,EUROPE,RUSSIAN FEDERATION,2015,13186
979,EUROPE,RUSSIAN FEDERATION,2016,12822
980,EUROPE,RUSSIAN FEDERATION,2017,14983
981,EUROPE,RUSSIAN FEDERATION,2018,18670
982,AFRICA,RWANDA,2008,224
983,AFRICA,RWANDA,2009,223
984,AFRICA,RWANDA,2010,224
985,AFRICA,RWANDA,2011,298
986,AFRICA,RWANDA,2012,337
987,AFRICA,RWANDA,2013,364
988,AFRICA,RWANDA,2014,376
989,AFRICA,RWANDA,2015,427
990,AFRICA,RWANDA,2016,443
991,AFRICA,RWANDA,2017,548
992,AFRICA,RWANDA,2018,528
993,OCEANIA,SAMOA,2008,112
994,OCEANIA,SAMOA,2009,115
995,OCEANIA,SAMOA,2010,124
996,OCEANIA,SAMOA,2011,135
997,OCEANIA,SAMOA,2012,148
998,OCEANIA,SAMOA,2013,137
999,OCEANIA,SAMOA,2014,148
1000,OCEANIA,SAMOA,2015,142
1001,OCEANIA,SAMOA,2016,149
1002,OCEANIA,SAMOA,2017,167
1003,OCEANIA,SAMOA,2018,191
1004,ASIA,SAUDI ARABIA,2008,6775
1005,ASIA,SAUDI ARABIA,2009,6744
1006,ASIA,SAUDI ARABIA,2010,7536
1007,ASIA,SAUDI ARABIA,2011,9317
1008,ASIA,SAUDI ARABIA,2012,8400
1009,ASIA,SAUDI ARABIA,2013,8690
1010,ASIA,SAUDI ARABIA,2014,9263
1011,ASIA,SAUDI ARABIA,2015,11183
1012,ASIA,SAUDI ARABIA,2016,13438
1013,ASIA,SAUDI ARABIA,2017,15020
1014,ASIA,SAUDI ARABIA,2018,16975
1015,EUROPE,SERBIA,2008,1114
1016,EUROPE,SERBIA,2009,986
1017,EUROPE,SERBIA,2010,950
1018,EUROPE,SERBIA,2011,1149
1019,EUROPE,SERBIA,2012,1080
1020,EUROPE,SERBIA,2013,1221
1021,EUROPE,SERBIA,2014,1352
1022,EUROPE,SERBIA,2015,1322
1023,EUROPE,SERBIA,2016,1461
1024,EUROPE,SERBIA,2017,1706
1025,EUROPE,SERBIA,2018,1921
1026,AFRICA,SEYCHELLES,2008,408
1027,AFRICA,SEYCHELLES,2009,349
1028,AFRICA,SEYCHELLES,2010,352
1029,AFRICA,SEYCHELLES,2011,380
1030,AFRICA,SEYCHELLES,2012,429
1031,AFRICA,SEYCHELLES,2013,484
1032,AFRICA,SEYCHELLES,2014,481
1033,AFRICA,SEYCHELLES,2015,483
1034,AFRICA,SEYCHELLES,2016,505
1035,AFRICA,SEYCHELLES,2017,585
1036,AFRICA,SEYCHELLES,2018,611
1037,NORTH AMERICA,SINT MAARTEN (DUTCH PART),2008,667
1038,NORTH AMERICA,SINT MAARTEN (DUTCH PART),2009,619
1039,NORTH AMERICA,SINT MAARTEN (DUTCH PART),2010,681
1040,NORTH AMERICA,SINT MAARTEN (DUTCH PART),2011,729
1041,NORTH AMERICA,SINT MAARTEN (DUTCH PART),2012,854
1042,NORTH AMERICA,SINT MAARTEN (DUTCH PART),2013,871
1043,NORTH AMERICA,SINT MAARTEN (DUTCH PART),2014,922
1044,NORTH AMERICA,SINT MAARTEN (DUTCH PART),2015,913
1045,NORTH AMERICA,SINT MAARTEN (DUTCH PART),2016,871
1046,NORTH AMERICA,SINT MAARTEN (DUTCH PART),2017,646
1047,NORTH AMERICA,SINT MAARTEN (DUTCH PART),2018,468
1048,EUROPE,SLOVAKIA,2008,3096
1049,EUROPE,SLOVAKIA,2009,2541
1050,EUROPE,SLOVAKIA,2010,2334
1051,EUROPE,SLOVAKIA,2011,2515
1052,EUROPE,SLOVAKIA,2012,2365
1053,EUROPE,SLOVAKIA,2013,2702
1054,EUROPE,SLOVAKIA,2014,2642
1055,EUROPE,SLOVAKIA,2015,2480
1056,EUROPE,SLOVAKIA,2016,2812
1057,EUROPE,SLOVAKIA,2017,3024
1058,EUROPE,SLOVAKIA,2018,3318
1059,EUROPE,SLOVENIA,2008,2955
1060,EUROPE,SLOVENIA,2009,2817
1061,EUROPE,SLOVENIA,2010,2808
1062,EUROPE,SLOVENIA,2011,3048
1063,EUROPE,SLOVENIA,2012,2793
1064,EUROPE,SLOVENIA,2013,2966
1065,EUROPE,SLOVENIA,2014,3052
1066,EUROPE,SLOVENIA,2015,2593
1067,EUROPE,SLOVENIA,2016,2717
1068,EUROPE,SLOVENIA,2017,3057
1069,EUROPE,SLOVENIA,2018,3378
1070,OCEANIA,SOLOMON ISLANDS,2008,31
1071,OCEANIA,SOLOMON ISLANDS,2009,39
1072,OCEANIA,SOLOMON ISLANDS,2010,51
1073,OCEANIA,SOLOMON ISLANDS,2011,66
1074,OCEANIA,SOLOMON ISLANDS,2012,65
1075,OCEANIA,SOLOMON ISLANDS,2013,71
1076,OCEANIA,SOLOMON ISLANDS,2014,65
1077,OCEANIA,SOLOMON ISLANDS,2015,60
1078,OCEANIA,SOLOMON ISLANDS,2016,71
1079,OCEANIA,SOLOMON ISLANDS,2017,79
1080,OCEANIA,SOLOMON ISLANDS,2018,92
1081,AFRICA,SOUTH AFRICA,2008,9178
1082,AFRICA,SOUTH AFRICA,2009,8684
1083,AFRICA,SOUTH AFRICA,2010,10309
1084,AFRICA,SOUTH AFRICA,2011,10706
1085,AFRICA,SOUTH AFRICA,2012,11202
1086,AFRICA,SOUTH AFRICA,2013,10468
1087,AFRICA,SOUTH AFRICA,2014,10484
1088,AFRICA,SOUTH AFRICA,2015,9140
1089,AFRICA,SOUTH AFRICA,2016,8807
1090,AFRICA,SOUTH AFRICA,2017,9706
1091,AFRICA,SOUTH AFRICA,2018,9789
1092,ASIA,SRI LANKA,2008,803
1093,ASIA,SRI LANKA,2009,754
1094,ASIA,SRI LANKA,2010,1044
1095,ASIA,SRI LANKA,2011,1421
1096,ASIA,SRI LANKA,2012,1756
1097,ASIA,SRI LANKA,2013,2506
1098,ASIA,SRI LANKA,2014,3278
1099,ASIA,SRI LANKA,2015,3978
1100,ASIA,SRI LANKA,2016,4591
1101,ASIA,SRI LANKA,2017,5083
1102,ASIA,SRI LANKA,2018,5608
1103,SOUTH AMERICA,SURINAME,2008,83
1104,SOUTH AMERICA,SURINAME,2009,70
1105,SOUTH AMERICA,SURINAME,2010,69
1106,SOUTH AMERICA,SURINAME,2011,69
1107,SOUTH AMERICA,SURINAME,2012,79
1108,SOUTH AMERICA,SURINAME,2013,92
1109,SOUTH AMERICA,SURINAME,2014,103
1110,SOUTH AMERICA,SURINAME,2015,99
1111,SOUTH AMERICA,SURINAME,2016,74
1112,SOUTH AMERICA,SURINAME,2017,61
1113,SOUTH AMERICA,SURINAME,2018,73
1114,EUROPE,SWITZERLAND,2008,17596
1115,EUROPE,SWITZERLAND,2009,16667
1116,EUROPE,SWITZERLAND,2010,17614
1117,EUROPE,SWITZERLAND,2011,20659
1118,EUROPE,SWITZERLAND,2012,19594
1119,EUROPE,SWITZERLAND,2013,20345
1120,EUROPE,SWITZERLAND,2014,21432
1121,EUROPE,SWITZERLAND,2015,19597
1122,EUROPE,SWITZERLAND,2016,19042
1123,EUROPE,SWITZERLAND,2017,19654
1124,EUROPE,SWITZERLAND,2018,20276
1125,ASIA,TAIWAN PROVINCE OF CHINA,2008,7156
1126,ASIA,TAIWAN PROVINCE OF CHINA,2009,7956
1127,ASIA,TAIWAN PROVINCE OF CHINA,2010,10387
1128,ASIA,TAIWAN PROVINCE OF CHINA,2011,13067
1129,ASIA,TAIWAN PROVINCE OF CHINA,2012,14115
1130,ASIA,TAIWAN PROVINCE OF CHINA,2013,14782
1131,ASIA,TAIWAN PROVINCE OF CHINA,2014,17419
1132,ASIA,TAIWAN PROVINCE OF CHINA,2015,16987
1133,ASIA,TAIWAN PROVINCE OF CHINA,2016,15825
1134,ASIA,TAIWAN PROVINCE OF CHINA,2017,14847
1135,ASIA,TAIWAN PROVINCE OF CHINA,2018,16366
1136,ASIA,TAJIKISTAN,2008,24
1137,ASIA,TAJIKISTAN,2009,20
1138,ASIA,TAJIKISTAN,2010,142
1139,ASIA,TAJIKISTAN,2011,184
1140,ASIA,TAJIKISTAN,2012,287
1141,ASIA,TAJIKISTAN,2013,233
1142,ASIA,TAJIKISTAN,2014,220
1143,ASIA,TAJIKISTAN,2015,146
1144,ASIA,TAJIKISTAN,2016,150
1145,ASIA,TAJIKISTAN,2017,172
1146,ASIA,TAJIKISTAN,2018,171
1147,AFRICA,"TANZANIA, UNITED REPUBLIC OF",2008,1293
1148,AFRICA,"TANZANIA, UNITED REPUBLIC OF",2009,1192
1149,AFRICA,"TANZANIA, UNITED REPUBLIC OF",2010,1279
1150,AFRICA,"TANZANIA, UNITED REPUBLIC OF",2011,1383
1151,AFRICA,"TANZANIA, UNITED REPUBLIC OF",2012,1754
1152,AFRICA,"TANZANIA, UNITED REPUBLIC OF",2013,1939
1153,AFRICA,"TANZANIA, UNITED REPUBLIC OF",2014,2047
1154,AFRICA,"TANZANIA, UNITED REPUBLIC OF",2015,1924
1155,AFRICA,"TANZANIA, UNITED REPUBLIC OF",2016,2149
1156,AFRICA,"TANZANIA, UNITED REPUBLIC OF",2017,2265
1157,AFRICA,"TANZANIA, UNITED REPUBLIC OF",2018,2465
1158,ASIA,THAILAND,2008,22510
1159,ASIA,THAILAND,2009,19811
1160,ASIA,THAILAND,2010,23796
1161,ASIA,THAILAND,2011,30924
1162,ASIA,THAILAND,2012,34565
1163,ASIA,THAILAND,2013,41765
1164,ASIA,THAILAND,2014,38451
1165,ASIA,THAILAND,2015,44851
1166,ASIA,THAILAND,2016,48459
1167,ASIA,THAILAND,2017,57057
1168,ASIA,THAILAND,2018,65242
1169,OCEANIA,TONGA,2008,18
1170,OCEANIA,TONGA,2009,18
1171,OCEANIA,TONGA,2010,17
1172,OCEANIA,TONGA,2011,33
1173,OCEANIA,TONGA,2012,40
1174,OCEANIA,TONGA,2013,47
1175,OCEANIA,TONGA,2014,38
1176,OCEANIA,TONGA,2015,46
1177,OCEANIA,TONGA,2016,53
1178,OCEANIA,TONGA,2017,49
1179,OCEANIA,TONGA,2018,48
1180,NORTH AMERICA,TRINIDAD AND TOBAGO,2008,557
1181,NORTH AMERICA,TRINIDAD AND TOBAGO,2009,548
1182,NORTH AMERICA,TRINIDAD AND TOBAGO,2010,630
1183,NORTH AMERICA,TRINIDAD AND TOBAGO,2011,650
1184,NORTH AMERICA,TRINIDAD AND TOBAGO,2012,852
1185,NORTH AMERICA,TRINIDAD AND TOBAGO,2013,856
1186,NORTH AMERICA,TRINIDAD AND TOBAGO,2014,875
1187,NORTH AMERICA,TRINIDAD AND TOBAGO,2015,809
1188,NORTH AMERICA,TRINIDAD AND TOBAGO,2016,708
1189,NORTH AMERICA,TRINIDAD AND TOBAGO,2017,717
1190,NORTH AMERICA,TRINIDAD AND TOBAGO,2018,541
1191,AFRICA,TUNISIA,2008,3909
1192,AFRICA,TUNISIA,2009,3524
1193,AFRICA,TUNISIA,2010,3477
1194,AFRICA,TUNISIA,2011,2529
1195,AFRICA,TUNISIA,2012,2931
1196,AFRICA,TUNISIA,2013,2863
1197,AFRICA,TUNISIA,2014,3042
1198,AFRICA,TUNISIA,2015,1869
1199,AFRICA,TUNISIA,2016,1706
1200,AFRICA,TUNISIA,2017,1782
1201,AFRICA,TUNISIA,2018,2320
1202,ASIA,TURKEY,2008,26446
1203,ASIA,TURKEY,2009,26331
1204,ASIA,TURKEY,2010,26318
1205,ASIA,TURKEY,2011,30302
1206,ASIA,TURKEY,2012,31566
1207,ASIA,TURKEY,2013,36192
1208,ASIA,TURKEY,2014,38855
1209,ASIA,TURKEY,2015,35597
1210,ASIA,TURKEY,2016,26788
1211,ASIA,TURKEY,2017,31870
1212,ASIA,TURKEY,2018,37140
1213,AFRICA,UGANDA,2008,536
1214,AFRICA,UGANDA,2009,683
1215,AFRICA,UGANDA,2010,802
1216,AFRICA,UGANDA,2011,977
1217,AFRICA,UGANDA,2012,1157
1218,AFRICA,UGANDA,2013,960
1219,AFRICA,UGANDA,2014,984
1220,AFRICA,UGANDA,2015,1049
1221,AFRICA,UGANDA,2016,1118
1222,AFRICA,UGANDA,2017,957
1223,AFRICA,UGANDA,2018,1044
1224,EUROPE,UKRAINE,2008,6722
1225,EUROPE,UKRAINE,2009,4349
1226,EUROPE,UKRAINE,2010,4696
1227,EUROPE,UKRAINE,2011,5406
1228,EUROPE,UKRAINE,2012,5988
1229,EUROPE,UKRAINE,2013,5931
1230,EUROPE,UKRAINE,2014,2264
1231,EUROPE,UKRAINE,2015,1662
1232,EUROPE,UKRAINE,2016,1723
1233,EUROPE,UKRAINE,2017,2019
1234,EUROPE,UKRAINE,2018,2269
1235,ASIA,UNITED ARAB EMIRATES,2008,7162
1236,ASIA,UNITED ARAB EMIRATES,2009,7352
1237,ASIA,UNITED ARAB EMIRATES,2010,8577
1238,ASIA,UNITED ARAB EMIRATES,2011,9204
1239,ASIA,UNITED ARAB EMIRATES,2012,10924
1240,ASIA,UNITED ARAB EMIRATES,2013,12389
1241,ASIA,UNITED ARAB EMIRATES,2014,15221
1242,ASIA,UNITED ARAB EMIRATES,2015,17481
1243,ASIA,UNITED ARAB EMIRATES,2016,19496
1244,ASIA,UNITED ARAB EMIRATES,2017,21048
1245,ASIA,UNITED ARAB EMIRATES,2018,21390
1246,NORTH AMERICA,UNITED STATES OF AMERICA,2008,164721
1247,NORTH AMERICA,UNITED STATES OF AMERICA,2009,146002
1248,NORTH AMERICA,UNITED STATES OF AMERICA,2010,167996
1249,NORTH AMERICA,UNITED STATES OF AMERICA,2011,187629
1250,NORTH AMERICA,UNITED STATES OF AMERICA,2012,200997
1251,NORTH AMERICA,UNITED STATES OF AMERICA,2013,218496
1252,NORTH AMERICA,UNITED STATES OF AMERICA,2014,235990
1253,NORTH AMERICA,UNITED STATES OF AMERICA,2015,249183
1254,NORTH AMERICA,UNITED STATES OF AMERICA,2016,245991
1255,NORTH AMERICA,UNITED STATES OF AMERICA,2017,251544
1256,NORTH AMERICA,UNITED STATES OF AMERICA,2018,256145
1257,NORTH AMERICA,UNITED STATES VIRGIN ISLANDS,2008,1157
1258,NORTH AMERICA,UNITED STATES VIRGIN ISLANDS,2009,1021
1259,NORTH AMERICA,UNITED STATES VIRGIN ISLANDS,2010,1223
1260,NORTH AMERICA,UNITED STATES VIRGIN ISLANDS,2011,1122
1261,NORTH AMERICA,UNITED STATES VIRGIN ISLANDS,2012,1210
1262,NORTH AMERICA,UNITED STATES VIRGIN ISLANDS,2013,1168
1263,NORTH AMERICA,UNITED STATES VIRGIN ISLANDS,2014,1319
1264,NORTH AMERICA,UNITED STATES VIRGIN ISLANDS,2015,1324
1265,NORTH AMERICA,UNITED STATES VIRGIN ISLANDS,2016,1343
1266,NORTH AMERICA,UNITED STATES VIRGIN ISLANDS,2017,1202
1267,NORTH AMERICA,UNITED STATES VIRGIN ISLANDS,2018,1046
1268,SOUTH AMERICA,URUGUAY,2008,1195
1269,SOUTH AMERICA,URUGUAY,2009,1460
1270,SOUTH AMERICA,URUGUAY,2010,1669
1271,SOUTH AMERICA,URUGUAY,2011,2401
1272,SOUTH AMERICA,URUGUAY,2012,2439
1273,SOUTH AMERICA,URUGUAY,2013,2182
1274,SOUTH AMERICA,URUGUAY,2014,2029
1275,SOUTH AMERICA,URUGUAY,2015,2070
1276,SOUTH AMERICA,URUGUAY,2016,2182
1277,SOUTH AMERICA,URUGUAY,2017,2660
1278,SOUTH AMERICA,URUGUAY,2018,2439
1279,OCEANIA,VANUATU,2008,188
1280,OCEANIA,VANUATU,2009,214
1281,OCEANIA,VANUATU,2010,242
1282,OCEANIA,VANUATU,2011,249
1283,OCEANIA,VANUATU,2012,268
1284,OCEANIA,VANUATU,2013,314
1285,OCEANIA,VANUATU,2014,284
1286,OCEANIA,VANUATU,2015,254
1287,OCEANIA,VANUATU,2016,275
1288,OCEANIA,VANUATU,2017,289
1289,OCEANIA,VANUATU,2018,325
1290,ASIA,VIET NAM,2008,3930
1291,ASIA,VIET NAM,2009,3050
1292,ASIA,VIET NAM,2010,4450
1293,ASIA,VIET NAM,2011,5710
1294,ASIA,VIET NAM,2012,6850
1295,ASIA,VIET NAM,2013,7250
1296,ASIA,VIET NAM,2014,7410
1297,ASIA,VIET NAM,2015,7350
1298,ASIA,VIET NAM,2016,8500
1299,ASIA,VIET NAM,2017,8890
1300,ASIA,VIET NAM,2018,10080
