COUNTRY,YEAR,Arrivals - Thousands,Tourism expenditure in the country - US$ Mn,Departures - Thousands,CONTINENT
AFGHANISTAN,2008,36,8,28,
AFGHANISTAN,2009,89,36,70,
AFGHANISTAN,2010,147,75,106,
AFGHANISTAN,2011,165,85,255,
AFGHANISTAN,2012,167,102,110,
AFGHANISTAN,2013,179,138,138,
AFGHANISTAN,2014,121,109,140,
AFGHANISTAN,2015,86,79,151,
AFGHANISTAN,2016,62,49,89,
AFGHANISTAN,2017,16,2,130,
AFGHANISTAN,2018,50,28,226,
ALBANIA,2008,"1,420","1,850","3,716",
ALBANIA,2009,"1,856","2,013","3,404",
ALBANIA,2010,"2,417","1,778","3,443",
ALBANIA,2011,"2,932","1,833","4,120",
ALBANIA,2012,"3,514","1,623","3,959",
ALBANIA,2013,"3,256","1,670","3,928",
ALBANIA,2014,"3,673","1,849","4,146",
ALBANIA,2015,"4,131","1,613","4,504",
ALBANIA,2016,"4,736","1,821","4,852",
ALBANIA,2017,"5,118","2,050","5,186",
ALBANIA,2018,"5,927","2,306","5,415",
ALGERIA,2008,"1,772",473,"1,539",
ALGERIA,2009,"1,912",361,"1,677",
ALGERIA,2010,"2,070",324,"1,757",
ALGERIA,2011,"2,395",300,"1,715",
ALGERIA,2012,"2,634",295,"1,911",
ALGERIA,2013,"2,733",326,"2,136",
ALGERIA,2014,"2,301",316,"2,839",
ALGERIA,2015,"1,710",347,"3,638",
ALGERIA,2016,"2,039",246,"4,530",
ALGERIA,2017,"2,451",172,"5,058",
ALGERIA,2018,"2,657",,"5,610",
AMERICAN SAMOA,2008,24.3,,,
AMERICAN SAMOA,2009,23.5,,,
AMERICAN SAMOA,2010,23.1,,,
AMERICAN SAMOA,2011,22.6,,,
AMERICAN SAMOA,2012,22.6,,,
AMERICAN SAMOA,2013,20.8,,,
AMERICAN SAMOA,2014,21.6,,,
AMERICAN SAMOA,2015,20.3,,,
AMERICAN SAMOA,2016,20.1,,,
AMERICAN SAMOA,2017,20,,,
AMERICAN SAMOA,2018,20.2,,,
ANDORRA,2008,"2,059",,,
ANDORRA,2009,"1,830",,,
ANDORRA,2010,"1,808",,,
ANDORRA,2011,"2,242",,,
ANDORRA,2012,"2,238",,,
ANDORRA,2013,"2,328",,,
ANDORRA,2014,"2,363",,,
ANDORRA,2015,"2,663",,,
ANDORRA,2016,"2,819",,,
ANDORRA,2017,"3,003",,,
ANDORRA,2018,"3,042",,,
ANGOLA,2008,294,293,,
ANGOLA,2009,366,554,,
ANGOLA,2010,425,726,,
ANGOLA,2011,481,653,,
ANGOLA,2012,528,711,,
ANGOLA,2013,650,"1,241",,
ANGOLA,2014,595,"1,597",,
ANGOLA,2015,592,"1,171",,
ANGOLA,2016,397,628,,
ANGOLA,2017,261,884,,
ANGOLA,2018,218,557,,
ANGUILLA,2008,68,,,
ANGUILLA,2009,58,,,
ANGUILLA,2010,62,,,
ANGUILLA,2011,66,,,
ANGUILLA,2012,65,,,
ANGUILLA,2013,69,,,
ANGUILLA,2014,71,137,,
ANGUILLA,2015,73,142,,
ANGUILLA,2016,79,147,,
ANGUILLA,2017,68,149,,
ANGUILLA,2018,55,109,,
ANTIGUA AND BARBUDA,2008,266,,,
ANTIGUA AND BARBUDA,2009,234,,,
ANTIGUA AND BARBUDA,2010,230,,,
ANTIGUA AND BARBUDA,2011,241,,,
ANTIGUA AND BARBUDA,2012,247,,,
ANTIGUA AND BARBUDA,2013,243,,,
ANTIGUA AND BARBUDA,2014,249,803,,
ANTIGUA AND BARBUDA,2015,250,802,,
ANTIGUA AND BARBUDA,2016,265,844,,
ANTIGUA AND BARBUDA,2017,247,820,,
ANTIGUA AND BARBUDA,2018,269,971,,
ARGENTINA,2008,"4,700","5,273","4,614",
ARGENTINA,2009,"4,308","4,455","4,981",
ARGENTINA,2010,"6,800","5,605","5,307",
ARGENTINA,2011,"6,703","6,058","6,686",
ARGENTINA,2012,"6,497","5,665","7,266",
ARGENTINA,2013,"6,510","5,199","6,746",
ARGENTINA,2014,"7,165","5,645","6,517",
ARGENTINA,2015,"6,816","5,441","7,807",
ARGENTINA,2016,"6,668","5,466","10,417",
ARGENTINA,2017,"6,711","5,835","12,213",
ARGENTINA,2018,"6,942","5,999","11,130",
ARMENIA,2008,558,564,516,
ARMENIA,2009,575,570,526,
ARMENIA,2010,684,694,563,
ARMENIA,2011,758,762,715,
ARMENIA,2012,963,853,965,
ARMENIA,2013,"1,084",905,"1,083",
ARMENIA,2014,"1,204",994,"1,198",
ARMENIA,2015,"1,192",956,"1,187",
ARMENIA,2016,"1,260",988,"1,263",
ARMENIA,2017,"1,495","1,140","1,482",
ARMENIA,2018,"1,652","1,237","1,623",
ARUBA,2008,827,"1,352",,
ARUBA,2009,813,"1,223",,
ARUBA,2010,824,"1,254",,
ARUBA,2011,869,"1,358",,
ARUBA,2012,904,"1,412",,
ARUBA,2013,979,"1,506",,
ARUBA,2014,"1,072","1,756",,
ARUBA,2015,"1,225","1,808",,
ARUBA,2016,"1,102","1,764",,
ARUBA,2017,"1,071","1,857",,
ARUBA,2018,"1,082","2,024",,
AUSTRALIA,2008,"5,586","27,189","5,808",
AUSTRALIA,2009,"5,490","26,909","6,276",
AUSTRALIA,2010,"5,790","31,064","7,103",
AUSTRALIA,2011,"5,771","34,315","7,788",
AUSTRALIA,2012,"6,032","34,137","8,212",
AUSTRALIA,2013,"6,482","32,889","9,052",
AUSTRALIA,2014,"6,922","35,736","9,480",
AUSTRALIA,2015,"7,449","36,249","9,810",
AUSTRALIA,2016,"8,269","39,059","10,390",
AUSTRALIA,2017,"8,815","43,975","10,932",
AUSTRALIA,2018,"9,246","47,327","11,403",
AUSTRIA,2008,"21,935",,"9,677",
AUSTRIA,2009,"21,355",,"10,121",
AUSTRIA,2010,"22,004",,"9,882",
AUSTRIA,2011,"23,012",,"9,874",
AUSTRIA,2012,"24,151",,"10,960",
AUSTRIA,2013,"24,813",,"10,671",
AUSTRIA,2014,"25,291",,"10,994",
AUSTRIA,2015,"26,728","20,422","10,628",
AUSTRIA,2016,"28,121","20,965","11,534",
AUSTRIA,2017,"29,460","22,424","11,491",
AUSTRIA,2018,"30,816","25,411","11,883",
AZERBAIJAN,2008,"1,899",382,"2,162",
AZERBAIJAN,2009,"1,830",545,"2,363",
AZERBAIJAN,2010,"1,963",792,"3,176",
AZERBAIJAN,2011,"2,239","1,500","3,550",
AZERBAIJAN,2012,"2,484","2,634","3,874",
AZERBAIJAN,2013,"2,509","2,618","4,285",
AZERBAIJAN,2014,"2,298","2,713","4,244",
AZERBAIJAN,2015,"2,006","2,535","4,096",
AZERBAIJAN,2016,"2,249","2,855","4,282",
AZERBAIJAN,2017,"2,697","3,214","4,109",
AZERBAIJAN,2018,"2,850","2,830","4,908",
BAHAMAS,2008,"1,463","2,155",,
BAHAMAS,2009,"1,327","2,025",,
BAHAMAS,2010,"1,370","2,159",,
BAHAMAS,2011,"1,346","2,157",,
BAHAMAS,2012,"1,422","2,333",,
BAHAMAS,2013,"1,366","2,305",,
BAHAMAS,2014,"1,446","2,336",,
BAHAMAS,2015,"1,502","2,554",,
BAHAMAS,2016,"1,500","3,091",,
BAHAMAS,2017,"1,442","3,017",,
BAHAMAS,2018,"1,633","3,383",,
BAHRAIN,2008,"8,631","1,927",,
BAHRAIN,2009,"8,861","1,873",,
BAHRAIN,2010,"11,952","2,163",,
BAHRAIN,2011,"6,732","1,766",,
BAHRAIN,2012,"8,062","1,752",,
BAHRAIN,2013,"9,163","1,875",,
BAHRAIN,2014,"10,452","1,913",,
BAHRAIN,2015,"9,670","2,827","4,741",
BAHRAIN,2016,"10,158","4,021",,
BAHRAIN,2017,"11,374","4,380","3,136",
BAHRAIN,2018,"12,045","3,834","2,868",
BANGLADESH,2008,467,,875,
BANGLADESH,2009,267,77,"2,254",
BANGLADESH,2010,303,103,"1,913",
BANGLADESH,2011,155,97,"2,127",
BANGLADESH,2012,125,105,"2,273",
BANGLADESH,2013,148,131,"1,460",
BANGLADESH,2014,125,154,,
BANGLADESH,2015,643,150,,
BANGLADESH,2016,830,214,,
BANGLADESH,2017,"1,026",348,,
BANGLADESH,2018,,357,,
BARBADOS,2008,568,"1,244",,
BARBADOS,2009,519,"1,122",,
BARBADOS,2010,532,"1,074",,
BARBADOS,2011,568,983,,
BARBADOS,2012,536,947,,
BARBADOS,2013,509,992,,
BARBADOS,2014,521,,,
BARBADOS,2015,592,,,
BARBADOS,2016,632,,,
BARBADOS,2017,664,,,
BARBADOS,2018,680,,,
BELARUS,2008,477,585,380,
BELARUS,2009,512,563,316,
BELARUS,2010,677,665,415,
BELARUS,2011,783,747,320,
BELARUS,2012,993,986,493,
BELARUS,2013,"1,003","1,156",708,
BELARUS,2014,"1,080","1,230",741,
BELARUS,2015,966,"1,013",671,
BELARUS,2016,"1,929","1,019",467,
BELARUS,2017,"2,000","1,124",706,
BELARUS,2018,"2,142","1,221",836,
BELGIUM,2008,"7,165",,"8,887",
BELGIUM,2009,"6,815","12,718","8,775",
BELGIUM,2010,"7,186","12,680","8,801",
BELGIUM,2011,"7,494","14,114","9,727",
BELGIUM,2012,"7,560","13,704","9,576",
BELGIUM,2013,"7,684","14,534","10,803",
BELGIUM,2014,"7,887","15,249","10,991",
BELGIUM,2015,"8,355","8,975","10,835",
BELGIUM,2016,"7,481","8,784","13,372",
BELGIUM,2017,"8,385","9,636","12,142",
BELGIUM,2018,"9,119","10,381","13,098",
BELIZE,2008,245,,,
BELIZE,2009,232,,,
BELIZE,2010,242,,,
BELIZE,2011,250,,,
BELIZE,2012,277,,,
BELIZE,2013,294,,,
BELIZE,2014,321,,,
BELIZE,2015,341,,,
BELIZE,2016,386,,,
BELIZE,2017,427,,,
BELIZE,2018,489,,,
BENIN,2008,188,236,,
BENIN,2009,190,131,,
BENIN,2010,199,149,,
BENIN,2011,209,201,,
BENIN,2012,220,174,,
BENIN,2013,231,193,,
BENIN,2014,242,153,,
BENIN,2015,255,148,,
BENIN,2016,267,129,,
BENIN,2017,281,160,,
BENIN,2018,295,,,
BERMUDA,2008,264,,192,
BERMUDA,2009,236,,,
BERMUDA,2010,232,,,
BERMUDA,2011,236,500,,
BERMUDA,2012,232,448,,
BERMUDA,2013,236,447,,
BERMUDA,2014,224,407,,
BERMUDA,2015,220,370,,
BERMUDA,2016,244,441,,
BERMUDA,2017,270,513,,
BERMUDA,2018,282,583,,
BHUTAN,2008,28,47,,
BHUTAN,2009,23,51,,
BHUTAN,2010,41,64,,
BHUTAN,2011,66,76,,
BHUTAN,2012,105,93,,
BHUTAN,2013,116,116,,
BHUTAN,2014,133,99,,
BHUTAN,2015,155,120,,
BHUTAN,2016,210,139,,
BHUTAN,2017,255,153,,
BHUTAN,2018,274,121,,
"BOLIVIA, PLURINATIONAL STATE OF",2008,594,302,589,
"BOLIVIA, PLURINATIONAL STATE OF",2009,599,306,518,
"BOLIVIA, PLURINATIONAL STATE OF",2010,679,339,604,
"BOLIVIA, PLURINATIONAL STATE OF",2011,711,499,775,
"BOLIVIA, PLURINATIONAL STATE OF",2012,798,631,788,
"BOLIVIA, PLURINATIONAL STATE OF",2013,798,639,837,
"BOLIVIA, PLURINATIONAL STATE OF",2014,871,746,932,
"BOLIVIA, PLURINATIONAL STATE OF",2015,882,810,965,
"BOLIVIA, PLURINATIONAL STATE OF",2016,961,827,940,
"BOLIVIA, PLURINATIONAL STATE OF",2017,"1,109",912,997,
"BOLIVIA, PLURINATIONAL STATE OF",2018,"1,142",970,"1,060",
BONAIRE,2008,74,,,
BONAIRE,2009,67,,,
BONAIRE,2010,71,,,
BONAIRE,2011,,,,
BONAIRE,2012,,,,
BONAIRE,2013,,,,
BONAIRE,2014,,,,
BONAIRE,2015,,,,
BONAIRE,2016,,,,
BONAIRE,2017,,,,
BONAIRE,2018,,,,
BOSNIA AND HERZEGOVINA,2008,322,913,,
BOSNIA AND HERZEGOVINA,2009,311,753,,
BOSNIA AND HERZEGOVINA,2010,365,662,,
BOSNIA AND HERZEGOVINA,2011,392,722,,
BOSNIA AND HERZEGOVINA,2012,439,686,,
BOSNIA AND HERZEGOVINA,2013,529,752,,
BOSNIA AND HERZEGOVINA,2014,536,755,,
BOSNIA AND HERZEGOVINA,2015,678,795,,
BOSNIA AND HERZEGOVINA,2016,778,876,,
BOSNIA AND HERZEGOVINA,2017,923,985,,
BOSNIA AND HERZEGOVINA,2018,"1,053","1,081",,
BOTSWANA,2008,"2,101",511,,
BOTSWANA,2009,"1,721",664,,
BOTSWANA,2010,"1,973",440,,
BOTSWANA,2011,,468,,
BOTSWANA,2012,"1,614",516,,
BOTSWANA,2013,"1,544",484,,
BOTSWANA,2014,"1,966",529,,
BOTSWANA,2015,"1,528",534,,
BOTSWANA,2016,"1,574",505,,
BOTSWANA,2017,"1,623",542,,
BOTSWANA,2018,,575,,
BRAZIL,2008,"5,050","6,109","5,238",
BRAZIL,2009,"4,802","5,635","4,920",
BRAZIL,2010,"5,161","5,522","6,457",
BRAZIL,2011,"5,433","6,370","7,807",
BRAZIL,2012,"5,677","6,623","8,497",
BRAZIL,2013,"5,813","6,784","8,866",
BRAZIL,2014,"6,430","7,405","9,617",
BRAZIL,2015,"6,306","6,254","9,478",
BRAZIL,2016,"6,547","6,613","8,872",
BRAZIL,2017,"6,589","6,175","10,610",
BRAZIL,2018,"6,621","6,324","10,628",
BRITISH VIRGIN ISLANDS,2008,346,446,166,
BRITISH VIRGIN ISLANDS,2009,309,374,140,
BRITISH VIRGIN ISLANDS,2010,330,389,151,
BRITISH VIRGIN ISLANDS,2011,338,388,145,
BRITISH VIRGIN ISLANDS,2012,351,398,139,
BRITISH VIRGIN ISLANDS,2013,366,421,,
BRITISH VIRGIN ISLANDS,2014,386,459,,
BRITISH VIRGIN ISLANDS,2015,393,484,,
BRITISH VIRGIN ISLANDS,2016,408,,,
BRITISH VIRGIN ISLANDS,2017,335,,,
BRITISH VIRGIN ISLANDS,2018,192,,,
BRUNEI DARUSSALAM,2008,,,,
BRUNEI DARUSSALAM,2009,,,,
BRUNEI DARUSSALAM,2010,,,,
BRUNEI DARUSSALAM,2011,,,,
BRUNEI DARUSSALAM,2012,,,,
BRUNEI DARUSSALAM,2013,,,,
BRUNEI DARUSSALAM,2014,,,,
BRUNEI DARUSSALAM,2015,,,,
BRUNEI DARUSSALAM,2016,,,,
BRUNEI DARUSSALAM,2017,"4,316",,,
BRUNEI DARUSSALAM,2018,"4,521",,,
BULGARIA,2008,"5,780","4,852","5,727",
BULGARIA,2009,"5,739","4,273","4,993",
BULGARIA,2010,"6,047","3,807","3,676",
BULGARIA,2011,"6,328","4,297","3,803",
BULGARIA,2012,"6,541","3,975","3,758",
BULGARIA,2013,"6,898","4,410","3,930",
BULGARIA,2014,"7,311","4,518","4,158",
BULGARIA,2015,"7,099","3,583","4,632",
BULGARIA,2016,"8,252","4,164","5,392",
BULGARIA,2017,"8,883","4,678","6,228",
BULGARIA,2018,"9,273","5,072","6,699",
BURKINA FASO,2008,272,82,,
BURKINA FASO,2009,269,99,,
BURKINA FASO,2010,274,105,,
BURKINA FASO,2011,238,116,,
BURKINA FASO,2012,237,128,,
BURKINA FASO,2013,218,200,,
BURKINA FASO,2014,191,183,,
BURKINA FASO,2015,163,152,,
BURKINA FASO,2016,152,172,,
BURKINA FASO,2017,143,172,,
BURKINA FASO,2018,144,,,
BURUNDI,2008,202,1.6,,
BURUNDI,2009,212,1.7,,
BURUNDI,2010,142,2.1,,
BURUNDI,2011,144,3.7,,
BURUNDI,2012,147,,,
BURUNDI,2013,234,,,
BURUNDI,2014,235,,,
BURUNDI,2015,131,,,
BURUNDI,2016,187,,,
BURUNDI,2017,299,,,
BURUNDI,2018,,,,
CABO VERDE,2008,285,432,,
CABO VERDE,2009,287,349,,
CABO VERDE,2010,336,387,,
CABO VERDE,2011,428,438,,
CABO VERDE,2012,482,452,,
CABO VERDE,2013,503,483,,
CABO VERDE,2014,494,453,,
CABO VERDE,2015,520,380,,
CABO VERDE,2016,598,397,,
CABO VERDE,2017,668,450,,
CABO VERDE,2018,710,524,,
CAMBODIA,2008,"2,125","1,280",786,
CAMBODIA,2009,"2,162","1,463",340,
CAMBODIA,2010,"2,508","1,671",505,
CAMBODIA,2011,"2,882","2,258",710,
CAMBODIA,2012,"3,584","2,663",792,
CAMBODIA,2013,"4,210","2,895",872,
CAMBODIA,2014,"4,503","3,220",956,
CAMBODIA,2015,"4,775","3,419","1,194",
CAMBODIA,2016,"5,012","3,523","1,434",
CAMBODIA,2017,"5,602","4,024","1,752",
CAMBODIA,2018,"6,201","4,832","1,995",
CAMEROON,2008,487,167,,
CAMEROON,2009,498,271,,
CAMEROON,2010,573,171,,
CAMEROON,2011,604,423,,
CAMEROON,2012,817,377,,
CAMEROON,2013,783,607,,
CAMEROON,2014,822,629,,
CAMEROON,2015,897,476,,
CAMEROON,2016,994,508,,
CAMEROON,2017,"1,081",543,,
CAMEROON,2018,,633,,
CANADA,2008,"17,142","18,190","27,034",
CANADA,2009,"15,737","15,580","26,204",
CANADA,2010,"16,219","18,439","28,680",
CANADA,2011,"16,014","19,993","30,450",
CANADA,2012,"16,344","17,404","32,276",
CANADA,2013,"16,059","17,650","32,971",
CANADA,2014,"16,537",,"33,518",
CANADA,2015,"17,971",,"32,267",
CANADA,2016,"19,971",,"31,278",
CANADA,2017,"20,883",,"33,060",
CANADA,2018,"21,134",,"26,033",
CAYMAN ISLANDS,2008,303,518,,
CAYMAN ISLANDS,2009,272,458,,
CAYMAN ISLANDS,2010,288,465,,
CAYMAN ISLANDS,2011,309,472,,
CAYMAN ISLANDS,2012,322,489,,
CAYMAN ISLANDS,2013,345,500,,
CAYMAN ISLANDS,2014,383,565,,
CAYMAN ISLANDS,2015,385,680,,
CAYMAN ISLANDS,2016,385,696,,
CAYMAN ISLANDS,2017,418,782,,
CAYMAN ISLANDS,2018,463,880,,
CENTRAL AFRICAN REPUBLIC,2008,31,12,,
CENTRAL AFRICAN REPUBLIC,2009,52,8,,
CENTRAL AFRICAN REPUBLIC,2010,54,14,38,
CENTRAL AFRICAN REPUBLIC,2011,65,15,,
CENTRAL AFRICAN REPUBLIC,2012,71,15,,
CENTRAL AFRICAN REPUBLIC,2013,84,16,,
CENTRAL AFRICAN REPUBLIC,2014,96,,,
CENTRAL AFRICAN REPUBLIC,2015,121,,,
CENTRAL AFRICAN REPUBLIC,2016,82,,,
CENTRAL AFRICAN REPUBLIC,2017,107,,,
CENTRAL AFRICAN REPUBLIC,2018,,,,
CHAD,2008,61,,58,
CHAD,2009,70,,66,
CHAD,2010,71,,39,
CHAD,2011,77,,76,
CHAD,2012,86,,79,
CHAD,2013,97,,,
CHAD,2014,119,,,
CHAD,2015,120,,,
CHAD,2016,98,,56,
CHAD,2017,87,,52,
CHAD,2018,,,,
CHILE,2008,"2,710","2,481","1,900",
CHILE,2009,"2,760","2,380","1,909",
CHILE,2010,"2,801","2,362","2,219",
CHILE,2011,"3,137","2,723","2,638",
CHILE,2012,"3,554","3,158","2,837",
CHILE,2013,"3,576","3,171","2,999",
CHILE,2014,"3,674","3,202","3,169",
CHILE,2015,"4,478","3,412","3,359",
CHILE,2016,"5,641","3,744","3,553",
CHILE,2017,"6,450","4,372","3,620",
CHILE,2018,"5,723","3,972","3,825",
CHINA,2008,"53,049",,"45,844",
CHINA,2009,"50,875",,"47,656",
CHINA,2010,"55,664",,"57,386",
CHINA,2011,"57,581",,"70,250",
CHINA,2012,"57,725",,"83,182",
CHINA,2013,"55,686",,"98,185",
CHINA,2014,"55,622",,"116,593",
CHINA,2015,"56,886",,"127,860",
CHINA,2016,"59,270",,"135,130",
CHINA,2017,"60,740",,"143,035",
CHINA,2018,"62,900",,"149,720",
COLOMBIA,2008,"2,545","2,936","2,042",
COLOMBIA,2009,"2,649","3,050","2,122",
COLOMBIA,2010,"1,701","3,441","2,342",
COLOMBIA,2011,"2,356","3,801","2,522",
COLOMBIA,2012,"2,434","4,363","3,169",
COLOMBIA,2013,"2,595","4,759","3,605",
COLOMBIA,2014,"2,866","4,887","3,911",
COLOMBIA,2015,"3,252","5,235","3,862",
COLOMBIA,2016,"3,559","5,584","3,795",
COLOMBIA,2017,"3,976","5,882","4,017",
COLOMBIA,2018,"4,282","6,617","4,368",
COMOROS,2008,15,37,,
COMOROS,2009,11,32,,
COMOROS,2010,15,35,,
COMOROS,2011,19,42,,
COMOROS,2012,23,39,,
COMOROS,2013,22,,,
COMOROS,2014,23,63,,
COMOROS,2015,24,52,,
COMOROS,2016,27,51,,
COMOROS,2017,28,61,,
COMOROS,2018,36,77,,
CONGO,2008,62,37,,
CONGO,2009,94,85,,
CONGO,2010,194,39,,
CONGO,2011,218,47,,
CONGO,2012,256,68,161,
CONGO,2013,343,52,180,
CONGO,2014,226,57,,
CONGO,2015,220,47,,
CONGO,2016,211,43,,
CONGO,2017,149,,,
CONGO,2018,156,,,
"CONGO, DEMOCRATIC REPUBLIC OF THE",2008,50,,,
"CONGO, DEMOCRATIC REPUBLIC OF THE",2009,53,,,
"CONGO, DEMOCRATIC REPUBLIC OF THE",2010,81,,,
"CONGO, DEMOCRATIC REPUBLIC OF THE",2011,186,,,
"CONGO, DEMOCRATIC REPUBLIC OF THE",2012,167,,,
"CONGO, DEMOCRATIC REPUBLIC OF THE",2013,191,,,
"CONGO, DEMOCRATIC REPUBLIC OF THE",2014,334,,,
"CONGO, DEMOCRATIC REPUBLIC OF THE",2015,354,,356,
"CONGO, DEMOCRATIC REPUBLIC OF THE",2016,351,,424,
"CONGO, DEMOCRATIC REPUBLIC OF THE",2017,,,,
"CONGO, DEMOCRATIC REPUBLIC OF THE",2018,,,,
COOK ISLANDS,2008,95,105,13,
COOK ISLANDS,2009,101,103,12,
COOK ISLANDS,2010,104,111,12,
COOK ISLANDS,2011,113,109,13,
COOK ISLANDS,2012,122,117,12,
COOK ISLANDS,2013,121,125,12,
COOK ISLANDS,2014,122,125,12,
COOK ISLANDS,2015,125,116,13,
COOK ISLANDS,2016,146,137,14,
COOK ISLANDS,2017,161,153,13,
COOK ISLANDS,2018,169,,14,
COSTA RICA,2008,"2,089","2,811",528,
COSTA RICA,2009,"1,923","2,216",579,
COSTA RICA,2010,"2,100","2,426",662,
COSTA RICA,2011,"2,192","2,646",717,
COSTA RICA,2012,"2,343","2,773",773,
COSTA RICA,2013,"2,428","3,171",790,
COSTA RICA,2014,"2,527","3,137",798,
COSTA RICA,2015,"2,660","3,408",919,
COSTA RICA,2016,"2,925","3,776","1,036",
COSTA RICA,2017,"2,960","3,826","1,150",
COSTA RICA,2018,"3,017","3,995","1,079",
CÔTE D'IVOIRE,2008,205,129,,
CÔTE D'IVOIRE,2009,231,164,,
CÔTE D'IVOIRE,2010,252,213,,
CÔTE D'IVOIRE,2011,270,186,,
CÔTE D'IVOIRE,2012,289,173,,
CÔTE D'IVOIRE,2013,380,191,,
CÔTE D'IVOIRE,2014,471,195,,
CÔTE D'IVOIRE,2015,"1,441",214,,
CÔTE D'IVOIRE,2016,"1,583",477,,
CÔTE D'IVOIRE,2017,"1,800",508,,
CÔTE D'IVOIRE,2018,"1,965",,,
CROATIA,2008,"8,665","11,615","2,357",
CROATIA,2009,"8,694","9,300","2,497",
CROATIA,2010,"9,111","8,299","1,873",
CROATIA,2011,"9,927","9,598","2,880",
CROATIA,2012,"10,369","8,912","2,680",
CROATIA,2013,"10,948","9,715","2,927",
CROATIA,2014,"11,623","10,079","2,763",
CROATIA,2015,"12,683","9,018","2,578",
CROATIA,2016,"13,809","9,820","1,615",
CROATIA,2017,"15,593","11,128","1,923",
CROATIA,2018,"16,645","12,075","2,058",
CUBA,2008,"2,316","2,535",202,
CUBA,2009,"2,405","2,249",206,
CUBA,2010,"2,507","2,396",251,
CUBA,2011,"2,688","2,503",253,
CUBA,2012,"2,823","2,614",213,
CUBA,2013,"2,839","2,608",286,
CUBA,2014,"2,981","2,546",355,
CUBA,2015,"3,506","2,819",580,
CUBA,2016,"3,975","3,069",894,
CUBA,2017,"4,594","3,302",,
CUBA,2018,"4,684","2,969",,
CURAÇAO,2008,409,383,,
CURAÇAO,2009,367,378,,
CURAÇAO,2010,342,438,,
CURAÇAO,2011,390,540,,
CURAÇAO,2012,421,676,,
CURAÇAO,2013,441,778,,
CURAÇAO,2014,452,820,,
CURAÇAO,2015,468,712,,
CURAÇAO,2016,441,644,,
CURAÇAO,2017,399,572,,
CURAÇAO,2018,432,605,,
CYPRUS,2008,"2,404","3,232","1,210",
CYPRUS,2009,"2,141","2,476","1,172",
CYPRUS,2010,"2,173","2,137","1,246",
CYPRUS,2011,"2,392","2,603","1,209",
CYPRUS,2012,"2,465","2,603","1,194",
CYPRUS,2013,"2,405","2,930","1,115",
CYPRUS,2014,"2,441","2,924","1,209",
CYPRUS,2015,"2,659","2,526","1,119",
CYPRUS,2016,"3,187","2,870","1,268",
CYPRUS,2017,"3,652","3,274","1,407",
CYPRUS,2018,"3,939","3,449","1,446",
CZECH REPUBLIC,2008,"6,649","9,228","9,665",
CZECH REPUBLIC,2009,"6,032","8,164","8,904",
CZECH REPUBLIC,2010,"6,334","8,068","8,673",
CZECH REPUBLIC,2011,"6,715","8,930","5,279",
CZECH REPUBLIC,2012,"7,647","8,174","5,419",
CZECH REPUBLIC,2013,"7,852","7,792","5,781",
CZECH REPUBLIC,2014,"8,096","7,614","5,651",
CZECH REPUBLIC,2015,"8,707","6,766","5,856",
CZECH REPUBLIC,2016,"9,321","7,041","6,027",
CZECH REPUBLIC,2017,"10,160","7,695","6,775",
CZECH REPUBLIC,2018,"10,611","8,291","7,390",
DENMARK,2008,"9,564",,"6,347",
DENMARK,2009,"9,265",,"7,037",
DENMARK,2010,"9,425",,"7,726",
DENMARK,2011,"8,471",,"7,846",
DENMARK,2012,"8,443",,"7,843",
DENMARK,2013,"8,557",,"6,977",
DENMARK,2014,"10,267",,"8,528",
DENMARK,2015,"10,424",,"8,991",
DENMARK,2016,"10,781",,"9,651",
DENMARK,2017,"12,426",,"8,087",
DENMARK,2018,"12,749",,"7,475",
DJIBOUTI,2008,54,,,
DJIBOUTI,2009,58,,,
DJIBOUTI,2010,51,,,
DJIBOUTI,2011,56,,,
DJIBOUTI,2012,60,,,
DJIBOUTI,2013,63,,,
DJIBOUTI,2014,,,,
DJIBOUTI,2015,,,,
DJIBOUTI,2016,,,,
DJIBOUTI,2017,,,,
DJIBOUTI,2018,,,,
DOMINICA,2008,81,,,
DOMINICA,2009,75,,,
DOMINICA,2010,77,,,
DOMINICA,2011,76,,,
DOMINICA,2012,79,,,
DOMINICA,2013,78,,,
DOMINICA,2014,82,,,
DOMINICA,2015,75,,,
DOMINICA,2016,78,,,
DOMINICA,2017,72,,,
DOMINICA,2018,63,,,
DOMINICAN REPUBLIC,2008,"3,980",,413,
DOMINICAN REPUBLIC,2009,"3,992",,415,
DOMINICAN REPUBLIC,2010,"4,125",,401,
DOMINICAN REPUBLIC,2011,"4,306",,408,
DOMINICAN REPUBLIC,2012,"4,563",,418,
DOMINICAN REPUBLIC,2013,"4,690",,392,
DOMINICAN REPUBLIC,2014,"5,141",,427,
DOMINICAN REPUBLIC,2015,"5,600",,478,
DOMINICAN REPUBLIC,2016,"5,959",,500,
DOMINICAN REPUBLIC,2017,"6,188",,522,
DOMINICAN REPUBLIC,2018,"6,569",,514,
ECUADOR,2008,"1,005",745,815,
ECUADOR,2009,968,674,814,
ECUADOR,2010,"1,047",786,899,
ECUADOR,2011,"1,141",849,"1,022",
ECUADOR,2012,"1,272","1,039","1,022",
ECUADOR,2013,"1,364","1,251","1,138",
ECUADOR,2014,"1,695","1,487","1,096",
ECUADOR,2015,"1,676","1,557","1,221",
ECUADOR,2016,"1,569","1,450","1,366",
ECUADOR,2017,"1,806","1,554","1,347",
ECUADOR,2018,"2,535","1,878","1,402",
EGYPT,2008,"12,296","12,104",,
EGYPT,2009,"11,914","11,757","4,716",
EGYPT,2010,"14,051","13,633","4,618",
EGYPT,2011,"9,497","9,333","4,863",
EGYPT,2012,"11,196","10,823","5,678",
EGYPT,2013,"9,174","6,747","5,782",
EGYPT,2014,"9,628","7,979","6,180",
EGYPT,2015,"9,139","6,897",,
EGYPT,2016,"5,258","3,306",,
EGYPT,2017,"8,157","8,636",,
EGYPT,2018,"11,196","12,704",,
EL SALVADOR,2008,"1,385",711,,
EL SALVADOR,2009,"1,091",549,"1,345",
EL SALVADOR,2010,"1,150",646,"1,421",
EL SALVADOR,2011,"1,184",729,"1,469",
EL SALVADOR,2012,"1,255",900,"1,462",
EL SALVADOR,2013,"1,283","1,054","1,515",
EL SALVADOR,2014,"1,345","1,285","1,515",
EL SALVADOR,2015,"1,402","1,203","1,618",
EL SALVADOR,2016,"1,434","1,161","1,804",
EL SALVADOR,2017,"1,556","1,227","1,871",
EL SALVADOR,2018,"1,677","1,370","1,788",
EQUATORIAL GUINEA,2008,,,,
EQUATORIAL GUINEA,2009,,,,
EQUATORIAL GUINEA,2010,,,,
EQUATORIAL GUINEA,2011,,,,
EQUATORIAL GUINEA,2012,,,,
EQUATORIAL GUINEA,2013,,,,
EQUATORIAL GUINEA,2014,,,,
EQUATORIAL GUINEA,2015,,,,
EQUATORIAL GUINEA,2016,,,,
EQUATORIAL GUINEA,2017,,,,
EQUATORIAL GUINEA,2018,,,,
ERITREA,2008,70,46,,
ERITREA,2009,79,26,,
ERITREA,2010,84,,,
ERITREA,2011,107,,,
ERITREA,2012,129,,,
ERITREA,2013,141,,,
ERITREA,2014,119,,,
ERITREA,2015,114,,,
ERITREA,2016,142,48,,
ERITREA,2017,,,,
ERITREA,2018,,,,
ESTONIA,2008,"2,222","1,643",692,
ESTONIA,2009,"2,180",,752,
ESTONIA,2010,"2,511",,955,
ESTONIA,2011,"2,823",,"1,054",
ESTONIA,2012,"2,957",,"1,147",
ESTONIA,2013,"3,111","2,022","1,166",
ESTONIA,2014,"3,160","2,278","1,426",
ESTONIA,2015,"2,961","1,893","1,250",
ESTONIA,2016,"3,131","1,916","1,339",
ESTONIA,2017,"3,244","2,126","1,279",
ESTONIA,2018,"3,234","2,332","2,069",
ESWATINI,2008,756,26,"1,177",
ESWATINI,2009,908,40,"1,245",
ESWATINI,2010,868,51,"1,141",
ESWATINI,2011,879,10,"1,264",
ESWATINI,2012,888,29,"1,403",
ESWATINI,2013,968,4,"1,573",
ESWATINI,2014,939,16,"1,657",
ESWATINI,2015,873,14,"1,713",
ESWATINI,2016,947,13,"1,789",
ESWATINI,2017,921,13,"1,751",
ESWATINI,2018,782,16,"1,717",
ETHIOPIA,2008,383,"1,184",,
ETHIOPIA,2009,427,"1,119",,
ETHIOPIA,2010,468,"1,434",,
ETHIOPIA,2011,523,"1,998",,
ETHIOPIA,2012,597,"1,980",,
ETHIOPIA,2013,681,"2,236",,
ETHIOPIA,2014,770,"2,107",,
ETHIOPIA,2015,864,"2,279",,
ETHIOPIA,2016,871,"2,138",,
ETHIOPIA,2017,933,"2,505",,
ETHIOPIA,2018,849,"3,548",,
FIJI,2008,585,952,124,
FIJI,2009,542,688,125,
FIJI,2010,632,825,128,
FIJI,2011,675,955,132,
FIJI,2012,661,989,132,
FIJI,2013,659,966,,
FIJI,2014,693,"1,091",,
FIJI,2015,755,"1,093",,
FIJI,2016,792,"1,149",156,
FIJI,2017,843,"1,243",169,
FIJI,2018,870,"1,370",174,
FINLAND,2008,"2,494","4,874","5,854",
FINLAND,2009,"2,220","4,070","5,832",
FINLAND,2010,"2,319","4,497","6,633",
FINLAND,2011,"2,623","5,612","7,274",
FINLAND,2012,"2,778","5,419","9,055",
FINLAND,2013,"2,797","5,774","8,562",
FINLAND,2014,"2,731","5,407","8,731",
FINLAND,2015,"2,622","4,009","8,904",
FINLAND,2016,"2,789","4,016","9,125",
FINLAND,2017,"3,180","5,207","9,330",
FINLAND,2018,"3,224","5,663","9,450",
FRANCE,2008,"79,218","68,034","25,506",
FRANCE,2009,"76,764","58,906","25,140",
FRANCE,2010,"76,647","56,178","25,041",
FRANCE,2011,"80,499","66,133","26,155",
FRANCE,2012,"81,980","63,975","25,317",
FRANCE,2013,"83,634","66,054","26,062",
FRANCE,2014,"83,701","67,402","27,919",
FRANCE,2015,"84,452","66,441","26,648",
FRANCE,2016,"82,682","63,557","26,483",
FRANCE,2017,"86,758","67,936","29,055",
FRANCE,2018,"89,322","73,125","26,914",
FRENCH GUIANA,2008,,,,
FRENCH GUIANA,2009,83,,,
FRENCH GUIANA,2010,,,,
FRENCH GUIANA,2011,,,,
FRENCH GUIANA,2012,,,,
FRENCH GUIANA,2013,,,,
FRENCH GUIANA,2014,,,,
FRENCH GUIANA,2015,87,,,
FRENCH GUIANA,2016,96,,,
FRENCH GUIANA,2017,111,,,
FRENCH GUIANA,2018,,,,
FRENCH POLYNESIA,2008,196,737,,
FRENCH POLYNESIA,2009,160,618,88,
FRENCH POLYNESIA,2010,154,630,89,
FRENCH POLYNESIA,2011,163,725,84,
FRENCH POLYNESIA,2012,169,720,83,
FRENCH POLYNESIA,2013,164,746,,
FRENCH POLYNESIA,2014,181,835,48,
FRENCH POLYNESIA,2015,184,758,55,
FRENCH POLYNESIA,2016,192,782,48,
FRENCH POLYNESIA,2017,199,,55,
FRENCH POLYNESIA,2018,216,,47,
GABON,2008,,27,,
GABON,2009,,26,,
GABON,2010,,89,,
GABON,2011,,25,,
GABON,2012,,40,,
GABON,2013,,,,
GABON,2014,,61,,
GABON,2015,,43,,
GABON,2016,,29,,
GABON,2017,,,,
GABON,2018,,,,
GAMBIA,2008,147,80,,
GAMBIA,2009,142,64,,
GAMBIA,2010,91,80,,
GAMBIA,2011,106,86,,
GAMBIA,2012,157,104,,
GAMBIA,2013,171,78,,
GAMBIA,2014,156,110,,
GAMBIA,2015,449,121,,
GAMBIA,2016,450,120,,
GAMBIA,2017,522,116,,
GAMBIA,2018,552,168,,
GEORGIA,2008,"1,290",505,"1,872",
GEORGIA,2009,"1,500",537,"1,980",
GEORGIA,2010,"2,032",737,"2,086",
GEORGIA,2011,"2,712","1,069","2,237",
GEORGIA,2012,"4,106","1,565","2,734",
GEORGIA,2013,"4,954","1,916","3,220",
GEORGIA,2014,"5,004","1,972","3,106",
GEORGIA,2015,"5,256","2,049","3,136",
GEORGIA,2016,"5,393","2,315","3,400",
GEORGIA,2017,"6,483","2,971","3,851",
GEORGIA,2018,"7,203","3,518","3,698",
GERMANY,2008,"24,884","53,402","86,201",
GERMANY,2009,"24,220","47,499","85,547",
GERMANY,2010,"26,875","49,116","85,872",
GERMANY,2011,"28,374","53,465","84,692",
GERMANY,2012,"30,411","51,626","82,729",
GERMANY,2013,"31,545","55,486","87,459",
GERMANY,2014,"32,999","58,721","83,008",
GERMANY,2015,"34,970","50,669","83,737",
GERMANY,2016,"35,555","52,229","90,966",
GERMANY,2017,"37,452","56,330","92,402",
GERMANY,2018,"38,881","60,260","108,542",
GHANA,2008,698,970,,
GHANA,2009,803,849,,
GHANA,2010,931,706,,
GHANA,2011,821,797,,
GHANA,2012,903,"1,154",,
GHANA,2013,994,"1,010",,
GHANA,2014,825,"1,027",,
GHANA,2015,897,911,,
GHANA,2016,,952,,
GHANA,2017,,919,,
GHANA,2018,,996,,
GREECE,2008,"15,939","17,608","3,765",
GREECE,2009,"14,915","16,038","3,835",
GREECE,2010,"15,007","13,857","3,799",
GREECE,2011,"16,427","16,269","4,941",
GREECE,2012,"15,518","14,665","4,681",
GREECE,2013,"17,920","17,433","4,594",
GREECE,2014,"22,033","19,489","5,802",
GREECE,2015,"23,599","17,547","6,291",
GREECE,2016,"24,799","16,811","7,235",
GREECE,2017,"27,194","19,139","7,685",
GREECE,2018,"30,123","21,594","7,961",
GRENADA,2008,130,,,
GRENADA,2009,114,,,
GRENADA,2010,110,,,
GRENADA,2011,118,,,
GRENADA,2012,125,,,
GRENADA,2013,128,,,
GRENADA,2014,150,,,
GRENADA,2015,155,,,
GRENADA,2016,156,,,
GRENADA,2017,168,,,
GRENADA,2018,185,,,
GUADELOUPE,2008,412,384,,
GUADELOUPE,2009,347,293,,
GUADELOUPE,2010,392,510,,
GUADELOUPE,2011,317,582,,
GUADELOUPE,2012,325,,,
GUADELOUPE,2013,487,671,,
GUADELOUPE,2014,486,,,
GUADELOUPE,2015,512,614,,
GUADELOUPE,2016,581,,,
GUADELOUPE,2017,650,,,
GUADELOUPE,2018,735,860,,
GUAM,2008,"1,142",,,
GUAM,2009,"1,053",,,
GUAM,2010,"1,197",,,
GUAM,2011,"1,160",,,
GUAM,2012,"1,308",,,
GUAM,2013,"1,334",,,
GUAM,2014,"1,343",,,
GUAM,2015,"1,409",,,
GUAM,2016,"1,536",,,
GUAM,2017,"1,545",,,
GUAM,2018,"1,549",,,
GUATEMALA,2008,"1,715",,"1,277",
GUATEMALA,2009,"1,393",,651,
GUATEMALA,2010,"1,384",,694,
GUATEMALA,2011,"1,434",,718,
GUATEMALA,2012,"1,491",,721,
GUATEMALA,2013,"1,516",,846,
GUATEMALA,2014,"1,739",,992,
GUATEMALA,2015,"1,865",,"1,130",
GUATEMALA,2016,"1,906","1,552","1,195",
GUATEMALA,2017,"2,113","1,571","1,328",
GUATEMALA,2018,"2,406","1,553","1,536",
GUINEA,2008,24,2.4,,
GUINEA,2009,,4.9,,
GUINEA,2010,12,2,,
GUINEA,2011,131,2.1,,
GUINEA,2012,96,1.7,,
GUINEA,2013,56,,,
GUINEA,2014,33,17.1,,
GUINEA,2015,35,8.2,,
GUINEA,2016,63,16.6,,
GUINEA,2017,99,16.6,,
GUINEA,2018,,7.7,,
GUINEA-BISSAU,2008,18,,,
GUINEA-BISSAU,2009,16,,,
GUINEA-BISSAU,2010,22,13.6,,
GUINEA-BISSAU,2011,37,14.5,,
GUINEA-BISSAU,2012,35,6.8,,
GUINEA-BISSAU,2013,36,,,
GUINEA-BISSAU,2014,36,,,
GUINEA-BISSAU,2015,44,,,
GUINEA-BISSAU,2016,45,,,
GUINEA-BISSAU,2017,,16.4,,
GUINEA-BISSAU,2018,,20,,
GUYANA,2008,130,,,
GUYANA,2009,141,,,
GUYANA,2010,152,,,
GUYANA,2011,157,,,
GUYANA,2012,177,,,
GUYANA,2013,200,,,
GUYANA,2014,206,,,
GUYANA,2015,207,,,
GUYANA,2016,235,,,
GUYANA,2017,247,,,
GUYANA,2018,287,,,
HAITI,2008,258,,,
HAITI,2009,387,,,
HAITI,2010,255,,,
HAITI,2011,349,,,
HAITI,2012,349,,,
HAITI,2013,420,,,
HAITI,2014,465,,,
HAITI,2015,516,,,
HAITI,2016,445,,,
HAITI,2017,467,,,
HAITI,2018,447,,,
HONDURAS,2008,869,620,387,
HONDURAS,2009,836,616,395,
HONDURAS,2010,863,627,408,
HONDURAS,2011,871,642,449,
HONDURAS,2012,895,684,464,
HONDURAS,2013,863,618,471,
HONDURAS,2014,868,706,557,
HONDURAS,2015,880,671,692,
HONDURAS,2016,838,700,654,
HONDURAS,2017,851,722,,
HONDURAS,2018,,745,,
"HONG KONG, CHINA",2008,"29,507","20,236","81,911",
"HONG KONG, CHINA",2009,"29,591","20,291","81,958",
"HONG KONG, CHINA",2010,"36,030","27,208","84,442",
"HONG KONG, CHINA",2011,"41,921","33,169","84,816",
"HONG KONG, CHINA",2012,"48,615","37,098","85,276",
"HONG KONG, CHINA",2013,"54,299","42,426","84,414",
"HONG KONG, CHINA",2014,"60,839","46,352","84,519",
"HONG KONG, CHINA",2015,"59,308","42,491","89,082",
"HONG KONG, CHINA",2016,"56,655","37,838","91,758",
"HONG KONG, CHINA",2017,"58,472","38,170","91,304",
"HONG KONG, CHINA",2018,"65,148","41,870","92,214",
HUNGARY,2008,"8,814","7,533","17,162",
HUNGARY,2009,"9,058","7,013","16,640",
HUNGARY,2010,"9,510","6,595","16,082",
HUNGARY,2011,"10,250","7,239","16,634",
HUNGARY,2012,"10,353","6,149","16,143",
HUNGARY,2013,"10,624","6,671","16,038",
HUNGARY,2014,"12,140","7,483","16,340",
HUNGARY,2015,"14,316","6,929","17,276",
HUNGARY,2016,"15,255","7,481","18,895",
HUNGARY,2017,"15,785","8,448","20,297",
HUNGARY,2018,"17,552","9,595","22,805",
ICELAND,2008,502,881,414,
ICELAND,2009,494,,259,
ICELAND,2010,489,,299,
ICELAND,2011,566,,341,
ICELAND,2012,673,,358,
ICELAND,2013,807,,365,
ICELAND,2014,997,,400,
ICELAND,2015,"1,289",,450,
ICELAND,2016,"1,792",,536,
ICELAND,2017,"2,225",,619,
ICELAND,2018,"2,344",,668,
INDIA,2008,"5,283","12,462","10,868",
INDIA,2009,"5,168",,"11,067",
INDIA,2010,"5,776",,"12,988",
INDIA,2011,"6,309",,"13,994",
INDIA,2012,"6,578","18,340","14,920",
INDIA,2013,"6,968","19,042","16,626",
INDIA,2014,"13,107","20,756","18,330",
INDIA,2015,"13,284","21,472","20,376",
INDIA,2016,"14,570","23,111","21,872",
INDIA,2017,"15,543","27,878","23,943",
INDIA,2018,"17,423","29,143","26,296",
INDONESIA,2008,"6,234","8,150","5,486",
INDONESIA,2009,"6,324","6,053","5,053",
INDONESIA,2010,"7,003","7,618","6,235",
INDONESIA,2011,"7,650","9,038","6,750",
INDONESIA,2012,"8,044","9,463","7,454",
INDONESIA,2013,"8,802","10,302","8,025",
INDONESIA,2014,"9,435","11,567","8,074",
INDONESIA,2015,"10,407","12,054","8,176",
INDONESIA,2016,"11,519","12,566","8,340",
INDONESIA,2017,"14,040","14,691","8,856",
INDONESIA,2018,"15,810","15,600","9,468",
"IRAN, ISLAMIC REPUBLIC OF",2008,"2,034","1,978",,
"IRAN, ISLAMIC REPUBLIC OF",2009,"2,116","2,259",,
"IRAN, ISLAMIC REPUBLIC OF",2010,"2,938","2,631",,
"IRAN, ISLAMIC REPUBLIC OF",2011,"3,354","2,489",,
"IRAN, ISLAMIC REPUBLIC OF",2012,"3,834","2,483",,
"IRAN, ISLAMIC REPUBLIC OF",2013,"4,769","3,306",,
"IRAN, ISLAMIC REPUBLIC OF",2014,"4,968","4,197","7,698",
"IRAN, ISLAMIC REPUBLIC OF",2015,"5,237","4,771","6,620",
"IRAN, ISLAMIC REPUBLIC OF",2016,"4,942","3,914","9,007",
"IRAN, ISLAMIC REPUBLIC OF",2017,"4,867","4,632","10,543",
"IRAN, ISLAMIC REPUBLIC OF",2018,"7,295",,"7,243",
IRAQ,2008,864,867,,
IRAQ,2009,"1,262","1,432",,
IRAQ,2010,"1,518","1,736",,
IRAQ,2011,"1,510","1,557",,
IRAQ,2012,"1,111","1,640",,
IRAQ,2013,892,"1,682",,
IRAQ,2014,,"1,938",,
IRAQ,2015,,"2,833",,
IRAQ,2016,,"3,120",,
IRAQ,2017,,"2,959",,
IRAQ,2018,,"1,986",,
IRELAND,2008,"8,026","9,972","7,877",
IRELAND,2009,"7,189","8,465","7,047",
IRELAND,2010,"7,134","8,185","6,917",
IRELAND,2011,"7,630","9,532","6,514",
IRELAND,2012,"7,550","9,060","6,600",
IRELAND,2013,"8,260","9,536","6,579",
IRELAND,2014,"8,813","11,097","6,676",
IRELAND,2015,"9,528","11,479","7,094",
IRELAND,2016,"10,100","11,429","7,646",
IRELAND,2017,"10,338","14,294","8,171",
IRELAND,2018,"10,926","14,658","8,643",
ISRAEL,2008,"2,572","5,271","4,207",
ISRAEL,2009,"2,321","4,924","4,007",
ISRAEL,2010,"2,803","5,621","4,269",
ISRAEL,2011,"2,820","5,869","4,387",
ISRAEL,2012,"2,886","6,165","4,349",
ISRAEL,2013,"2,962","6,577","4,757",
ISRAEL,2014,"2,927","6,590","5,181",
ISRAEL,2015,"2,799","6,574","5,891",
ISRAEL,2016,"2,900","6,587","6,781",
ISRAEL,2017,"3,613","7,578","7,597",
ISRAEL,2018,"4,121","8,073","8,473",
ITALY,2008,"42,734",,"26,464",
ITALY,2009,"43,239",,"27,490",
ITALY,2010,"43,626",,"28,188",
ITALY,2011,"46,119",,"27,831",
ITALY,2012,"46,360",,"27,376",
ITALY,2013,"47,704",,"26,305",
ITALY,2014,"48,576",,"26,862",
ITALY,2015,"50,732","41,415","27,494",
ITALY,2016,"52,372","42,423","29,067",
ITALY,2017,"58,253","46,719","31,805",
ITALY,2018,"61,567","51,602","33,347",
JAMAICA,2008,"1,767","2,222",,
JAMAICA,2009,"1,831","2,070",,
JAMAICA,2010,"1,922","2,095",,
JAMAICA,2011,"1,952","2,060",,
JAMAICA,2012,"1,986",,,
JAMAICA,2013,"2,008",,,
JAMAICA,2014,"2,080",,,
JAMAICA,2015,"2,123",,,
JAMAICA,2016,"2,182",,,
JAMAICA,2017,"2,353",,,
JAMAICA,2018,"2,473",,,
JAPAN,2008,"8,351","13,781","15,987",
JAPAN,2009,"6,790","12,537","15,446",
JAPAN,2010,"8,611","15,356","16,637",
JAPAN,2011,"6,219","12,533","16,994",
JAPAN,2012,"8,358","16,197","18,491",
JAPAN,2013,"10,364","16,865","17,473",
JAPAN,2014,"13,413","20,790","16,903",
JAPAN,2015,"19,737","27,285","16,214",
JAPAN,2016,"24,040","33,456","17,116",
JAPAN,2017,"28,691","36,978","17,889",
JAPAN,2018,"31,192","45,276","18,954",
JORDAN,2008,"3,729","3,539","1,972",
JORDAN,2009,"3,789","3,472","2,054",
JORDAN,2010,"4,207","4,390","2,708",
JORDAN,2011,"3,960","4,351","1,931",
JORDAN,2012,"4,162","5,123","1,567",
JORDAN,2013,"3,945","5,145","1,498",
JORDAN,2014,"3,990","5,518","1,230",
JORDAN,2015,"3,761","4,968",,
JORDAN,2016,"3,567","4,943","1,511",
JORDAN,2017,"3,844","5,549","1,592",
JORDAN,2018,"4,150","6,221","1,501",
KAZAKHSTAN,2008,"4,117","1,255","4,239",
KAZAKHSTAN,2009,"3,774","1,185","5,309",
KAZAKHSTAN,2010,"4,097","1,236","5,893",
KAZAKHSTAN,2011,"5,685","1,524","7,852",
KAZAKHSTAN,2012,"6,163","2,154","8,875",
KAZAKHSTAN,2013,"6,841","2,365","9,931",
KAZAKHSTAN,2014,"6,333","2,239","10,230",
KAZAKHSTAN,2015,"6,430","1,833",,
KAZAKHSTAN,2016,"6,509","2,038",,
KAZAKHSTAN,2017,"7,701","2,356",,
KAZAKHSTAN,2018,"8,789","2,651",,
KENYA,2008,"1,141","1,398",,
KENYA,2009,"1,392","1,124",,
KENYA,2010,"1,470","1,620",,
KENYA,2011,"1,750","1,844",,
KENYA,2012,"1,619","2,004",,
KENYA,2013,"1,434","1,829",,
KENYA,2014,"1,261","1,745",,
KENYA,2015,"1,114","1,596",,
KENYA,2016,"1,268","1,471",,
KENYA,2017,"1,364","1,564",,
KENYA,2018,,,,
KIRIBATI,2008,3.9,,,
KIRIBATI,2009,3.9,,,
KIRIBATI,2010,4.7,,,
KIRIBATI,2011,5.3,,,
KIRIBATI,2012,4.9,,,
KIRIBATI,2013,5.9,,,
KIRIBATI,2014,5,,,
KIRIBATI,2015,3.9,,,
KIRIBATI,2016,5.7,,,
KIRIBATI,2017,5.8,,,
KIRIBATI,2018,7.1,,,
"KOREA, REPUBLIC OF",2008,"6,891","13,440","11,996",
"KOREA, REPUBLIC OF",2009,"7,818","13,262","9,494",
"KOREA, REPUBLIC OF",2010,"8,798","14,315","12,488",
"KOREA, REPUBLIC OF",2011,"9,795","17,329","12,694",
"KOREA, REPUBLIC OF",2012,"11,140","18,731","13,737",
"KOREA, REPUBLIC OF",2013,"12,176","19,457","14,846",
"KOREA, REPUBLIC OF",2014,"14,202","22,390","16,081",
"KOREA, REPUBLIC OF",2015,"13,232","18,711","19,310",
"KOREA, REPUBLIC OF",2016,"17,242","20,924","22,383",
"KOREA, REPUBLIC OF",2017,"13,336","17,173","26,496",
"KOREA, REPUBLIC OF",2018,"15,347","19,856","28,696",
KUWAIT,2008,"4,736",610,,
KUWAIT,2009,"5,088",660,,
KUWAIT,2010,"5,208",574,,
KUWAIT,2011,"5,574",644,,
KUWAIT,2012,"5,729",780,,
KUWAIT,2013,"6,217",619,,
KUWAIT,2014,"6,528",615,,
KUWAIT,2015,"6,941",931,,
KUWAIT,2016,"7,055",831,,
KUWAIT,2017,"7,407",643,,
KUWAIT,2018,"8,508",919,,
KYRGYZSTAN,2008,"2,379",569,"2,273",
KYRGYZSTAN,2009,"2,451",300,"2,354",
KYRGYZSTAN,2010,"1,224",212,"1,342",
KYRGYZSTAN,2011,"3,025",405,"3,061",
KYRGYZSTAN,2012,"3,393",486,"3,621",
KYRGYZSTAN,2013,"4,134",585,"3,993",
KYRGYZSTAN,2014,"3,791",468,"3,790",
KYRGYZSTAN,2015,"4,000",482,"4,008",
KYRGYZSTAN,2016,"3,853",477,"4,185",
KYRGYZSTAN,2017,"4,568",480,"4,446",
KYRGYZSTAN,2018,"6,947",487,"6,839",
LAO PEOPLE'S DEMOCRATIC REPUBLIC,2008,"1,295",280,,
LAO PEOPLE'S DEMOCRATIC REPUBLIC,2009,"1,239",271,,
LAO PEOPLE'S DEMOCRATIC REPUBLIC,2010,"1,670",385,"1,686",
LAO PEOPLE'S DEMOCRATIC REPUBLIC,2011,"1,894",413,"1,788",
LAO PEOPLE'S DEMOCRATIC REPUBLIC,2012,"2,291",461,"2,052",
LAO PEOPLE'S DEMOCRATIC REPUBLIC,2013,"2,700",613,"2,857",
LAO PEOPLE'S DEMOCRATIC REPUBLIC,2014,"3,164",642,"3,320",
LAO PEOPLE'S DEMOCRATIC REPUBLIC,2015,"3,543",725,"3,067",
LAO PEOPLE'S DEMOCRATIC REPUBLIC,2016,"3,315",717,"3,059",
LAO PEOPLE'S DEMOCRATIC REPUBLIC,2017,"3,257",655,"3,049",
LAO PEOPLE'S DEMOCRATIC REPUBLIC,2018,"3,770",757,"3,207",
LATVIA,2008,"1,684",,"3,782",
LATVIA,2009,"1,323",,"3,268",
LATVIA,2010,"1,373",,"3,332",
LATVIA,2011,"1,493",,"3,257",
LATVIA,2012,"1,435",,183,
LATVIA,2013,"1,536",,"1,776",
LATVIA,2014,"1,843",,"1,846",
LATVIA,2015,"2,024",,"1,720",
LATVIA,2016,"1,793",,"1,939",
LATVIA,2017,"1,949",,"2,055",
LATVIA,2018,"1,946",,"2,175",
LEBANON,2008,"1,333","6,317",,
LEBANON,2009,"1,844","7,157",,
LEBANON,2010,"2,168","8,026",,
LEBANON,2011,"1,655","6,797",,
LEBANON,2012,"1,366","7,361",,
LEBANON,2013,"1,274","7,032",,
LEBANON,2014,"1,355","6,835",,
LEBANON,2015,"1,518","7,087",,
LEBANON,2016,"1,688","7,373",,
LEBANON,2017,"1,857","8,086",,
LEBANON,2018,"1,964","8,694",,
LESOTHO,2008,293,,,
LESOTHO,2009,344,,,
LESOTHO,2010,426,,,
LESOTHO,2011,398,,,
LESOTHO,2012,423,,,
LESOTHO,2013,433,,,
LESOTHO,2014,"1,079",,,
LESOTHO,2015,"1,082",,,
LESOTHO,2016,"1,196",,,
LESOTHO,2017,"1,137",,,
LESOTHO,2018,"1,173",,,
LIBERIA,2008,,,,
LIBERIA,2009,,,,
LIBERIA,2010,,,,
LIBERIA,2011,,,,
LIBERIA,2012,,,,
LIBERIA,2013,,,,
LIBERIA,2014,,,,
LIBERIA,2015,,,,
LIBERIA,2016,,,,
LIBERIA,2017,,,,
LIBERIA,2018,,,,
LIBYA,2008,34,99,,
LIBYA,2009,,159,,
LIBYA,2010,,170,,
LIBYA,2011,,,,
LIBYA,2012,,,,
LIBYA,2013,,,,
LIBYA,2014,,,,
LIBYA,2015,,,,
LIBYA,2016,,,,
LIBYA,2017,,,,
LIBYA,2018,,,,
LIECHTENSTEIN,2008,73,,,
LIECHTENSTEIN,2009,67,,,
LIECHTENSTEIN,2010,64,,,
LIECHTENSTEIN,2011,67,,,
LIECHTENSTEIN,2012,62,,,
LIECHTENSTEIN,2013,60,,,
LIECHTENSTEIN,2014,61,,,
LIECHTENSTEIN,2015,57,,,
LIECHTENSTEIN,2016,69,,,
LIECHTENSTEIN,2017,79,,,
LIECHTENSTEIN,2018,85,,,
LITHUANIA,2008,"1,611",,"1,757",
LITHUANIA,2009,"1,341",,"1,288",
LITHUANIA,2010,"1,507",,"1,411",
LITHUANIA,2011,"1,775",,"1,526",
LITHUANIA,2012,"1,900",,"1,708",
LITHUANIA,2013,"2,012",,"1,764",
LITHUANIA,2014,"2,063",,"1,789",
LITHUANIA,2015,"2,071",,"1,860",
LITHUANIA,2016,"2,296",,"1,953",
LITHUANIA,2017,"2,523",,"2,032",
LITHUANIA,2018,"2,825",,"2,244",
LUXEMBOURG,2008,877,"4,918","1,190",
LUXEMBOURG,2009,847,"4,546","1,362",
LUXEMBOURG,2010,805,"4,519","1,237",
LUXEMBOURG,2011,874,"5,358","1,643",
LUXEMBOURG,2012,950,"5,395","1,580",
LUXEMBOURG,2013,945,"5,629","1,624",
LUXEMBOURG,2014,"1,038","6,033","1,815",
LUXEMBOURG,2015,"1,090","4,762","1,702",
LUXEMBOURG,2016,"1,054","4,766","1,588",
LUXEMBOURG,2017,"1,046","4,993","1,802",
LUXEMBOURG,2018,"1,018","5,537","1,989",
"MACAO, CHINA",2008,"10,610","13,749",606,
"MACAO, CHINA",2009,"10,402","15,182",671,
"MACAO, CHINA",2010,"11,926","22,688",753,
"MACAO, CHINA",2011,"12,925","31,118",908,
"MACAO, CHINA",2012,"13,577","36,521","1,291",
"MACAO, CHINA",2013,"14,268","43,665","1,446",
"MACAO, CHINA",2014,"14,566","43,303","1,537",
"MACAO, CHINA",2015,"14,308","31,500","1,466",
"MACAO, CHINA",2016,"15,704","31,015","1,251",
"MACAO, CHINA",2017,"17,255","36,465","1,391",
"MACAO, CHINA",2018,"18,493","40,358","1,579",
MADAGASCAR,2008,375,440,,
MADAGASCAR,2009,163,328,,
MADAGASCAR,2010,196,425,,
MADAGASCAR,2011,225,507,,
MADAGASCAR,2012,256,596,,
MADAGASCAR,2013,196,609,,
MADAGASCAR,2014,222,740,,
MADAGASCAR,2015,244,696,,
MADAGASCAR,2016,293,913,,
MADAGASCAR,2017,255,849,,
MADAGASCAR,2018,291,879,,
MALAWI,2008,742,43,,
MALAWI,2009,755,46,,
MALAWI,2010,746,45,,
MALAWI,2011,767,36,,
MALAWI,2012,770,35,,
MALAWI,2013,795,33,,
MALAWI,2014,819,36,,
MALAWI,2015,805,39,,
MALAWI,2016,849,30,,
MALAWI,2017,837,35,,
MALAWI,2018,871,43,,
MALAYSIA,2008,"22,052","18,553",,
MALAYSIA,2009,"23,646","17,231",,
MALAYSIA,2010,"24,577","19,619",,
MALAYSIA,2011,"24,714","21,338",,
MALAYSIA,2012,"25,033","21,711",,
MALAYSIA,2013,"25,715","23,283",,
MALAYSIA,2014,"27,437","24,469",,
MALAYSIA,2015,"25,721","19,194",,
MALAYSIA,2016,"26,757","19,682",,
MALAYSIA,2017,"25,948","20,311",,
MALAYSIA,2018,"25,832","21,774",,
MALDIVES,2008,683,,123,
MALDIVES,2009,656,,,
MALDIVES,2010,792,,,
MALDIVES,2011,931,"1,966",,
MALDIVES,2012,958,"2,032",,
MALDIVES,2013,"1,125","2,422",,
MALDIVES,2014,"1,205","2,811",,
MALDIVES,2015,"1,234","2,691",,
MALDIVES,2016,"1,286","2,640",,
MALDIVES,2017,"1,390","2,771",,
MALDIVES,2018,"1,484","3,054",,
MALI,2008,190,286,,
MALI,2009,160,196,,
MALI,2010,169,208,,
MALI,2011,160,218,,
MALI,2012,134,144,,
MALI,2013,142,178,,
MALI,2014,168,214,,
MALI,2015,159,186,,
MALI,2016,173,202,,
MALI,2017,193,206,,
MALI,2018,,,,
MALTA,2008,"1,291",,261,
MALTA,2009,"1,182",,264,
MALTA,2010,"1,339",,294,
MALTA,2011,"1,415",,309,
MALTA,2012,"1,443",,331,
MALTA,2013,"1,582",,363,
MALTA,2014,"1,690",,391,
MALTA,2015,"1,783",,428,
MALTA,2016,"1,966",,497,
MALTA,2017,"2,274",,573,
MALTA,2018,"2,599",,667,
MARSHALL ISLANDS,2008,6,2.7,,
MARSHALL ISLANDS,2009,5.4,3.1,,
MARSHALL ISLANDS,2010,4.6,3.7,,
MARSHALL ISLANDS,2011,4.6,4.8,,
MARSHALL ISLANDS,2012,4.6,4.1,,
MARSHALL ISLANDS,2013,,4.3,,
MARSHALL ISLANDS,2014,4.9,5.4,,
MARSHALL ISLANDS,2015,6.3,1.5,,
MARSHALL ISLANDS,2016,5.4,30.4,,
MARSHALL ISLANDS,2017,6,18.1,,
MARSHALL ISLANDS,2018,6.8,20.1,,
MARTINIQUE,2008,481,463,,
MARTINIQUE,2009,442,420,,
MARTINIQUE,2010,478,472,,
MARTINIQUE,2011,497,516,,
MARTINIQUE,2012,488,462,,
MARTINIQUE,2013,490,484,,
MARTINIQUE,2014,490,483,,
MARTINIQUE,2015,487,334,,
MARTINIQUE,2016,519,348,,
MARTINIQUE,2017,536,510,,
MARTINIQUE,2018,537,530,,
MAURITANIA,2008,,,,
MAURITANIA,2009,,,,
MAURITANIA,2010,,,,
MAURITANIA,2011,,,,
MAURITANIA,2012,,50,,
MAURITANIA,2013,,50,,
MAURITANIA,2014,,42,,
MAURITANIA,2015,,31,,
MAURITANIA,2016,,33,,
MAURITANIA,2017,,24,,
MAURITANIA,2018,,6,,
MAURITIUS,2008,930,"1,823",226,
MAURITIUS,2009,871,"1,390",196,
MAURITIUS,2010,935,"1,585",212,
MAURITIUS,2011,965,"1,808",219,
MAURITIUS,2012,965,"1,778",237,
MAURITIUS,2013,993,"1,593",228,
MAURITIUS,2014,"1,038","1,719",223,
MAURITIUS,2015,"1,151","1,680",242,
MAURITIUS,2016,"1,275","1,824",260,
MAURITIUS,2017,"1,342","2,005",283,
MAURITIUS,2018,"1,399","2,161",296,
MEXICO,2008,"22,931","14,726","14,527",
MEXICO,2009,"22,346","12,542","14,104",
MEXICO,2010,"23,290","12,628","14,334",
MEXICO,2011,"23,403","12,458","14,799",
MEXICO,2012,"23,403","13,320","15,581",
MEXICO,2013,"24,151","14,311","15,911",
MEXICO,2014,"29,346","16,606","18,261",
MEXICO,2015,"32,093","18,729","19,603",
MEXICO,2016,"35,079","20,619","20,223",
MEXICO,2017,"39,291","22,467","19,067",
MEXICO,2018,"41,313","23,802","19,748",
"MICRONESIA, FEDERATED STATES OF",2008,25.7,27,,
"MICRONESIA, FEDERATED STATES OF",2009,47.5,,,
"MICRONESIA, FEDERATED STATES OF",2010,44.7,,,
"MICRONESIA, FEDERATED STATES OF",2011,35.4,,,
"MICRONESIA, FEDERATED STATES OF",2012,38.3,,,
"MICRONESIA, FEDERATED STATES OF",2013,42.1,,,
"MICRONESIA, FEDERATED STATES OF",2014,35.4,,,
"MICRONESIA, FEDERATED STATES OF",2015,31.2,,,
"MICRONESIA, FEDERATED STATES OF",2016,29.6,,,
"MICRONESIA, FEDERATED STATES OF",2017,,,,
"MICRONESIA, FEDERATED STATES OF",2018,19.2,,,
"MOLDOVA, REPUBLIC OF",2008,73,293,,
"MOLDOVA, REPUBLIC OF",2009,60,240,93,
"MOLDOVA, REPUBLIC OF",2010,64,222,117,
"MOLDOVA, REPUBLIC OF",2011,75,253,136,
"MOLDOVA, REPUBLIC OF",2012,89,279,147,
"MOLDOVA, REPUBLIC OF",2013,96,324,158,
"MOLDOVA, REPUBLIC OF",2014,94,328,181,
"MOLDOVA, REPUBLIC OF",2015,94,300,190,
"MOLDOVA, REPUBLIC OF",2016,121,344,177,
"MOLDOVA, REPUBLIC OF",2017,145,443,229,
"MOLDOVA, REPUBLIC OF",2018,160,500,264,
MONACO,2008,324,,,
MONACO,2009,265,,,
MONACO,2010,279,,,
MONACO,2011,295,,,
MONACO,2012,292,,,
MONACO,2013,328,,,
MONACO,2014,329,,,
MONACO,2015,331,,,
MONACO,2016,336,,,
MONACO,2017,355,,,
MONACO,2018,347,,,
MONGOLIA,2008,469,272,,
MONGOLIA,2009,465,253,,
MONGOLIA,2010,557,288,,
MONGOLIA,2011,627,197,,
MONGOLIA,2012,624,215,,
MONGOLIA,2013,515,236,,
MONGOLIA,2014,506,257,,
MONGOLIA,2015,467,279,,
MONGOLIA,2016,471,379,,
MONGOLIA,2017,543,462,,
MONGOLIA,2018,598,526,,
MONTENEGRO,2008,"1,031",859,,
MONTENEGRO,2009,"1,044",792,,
MONTENEGRO,2010,"1,088",765,,
MONTENEGRO,2011,"1,201",926,,
MONTENEGRO,2012,"1,264",860,,
MONTENEGRO,2013,"1,324",929,,
MONTENEGRO,2014,"1,350",959,,
MONTENEGRO,2015,"1,560",947,,
MONTENEGRO,2016,"1,662",978,,
MONTENEGRO,2017,"1,877","1,110",,
MONTENEGRO,2018,"2,077","1,224",,
MONTSERRAT,2008,7.4,,,
MONTSERRAT,2009,6.3,,,
MONTSERRAT,2010,6,,,
MONTSERRAT,2011,5.4,,,
MONTSERRAT,2012,7.3,,,
MONTSERRAT,2013,7.2,,,
MONTSERRAT,2014,8.8,9.2,,
MONTSERRAT,2015,8.9,9.6,,
MONTSERRAT,2016,8.8,10.1,,
MONTSERRAT,2017,8.8,9.4,,
MONTSERRAT,2018,8.8,12.4,,
MOROCCO,2008,"7,879","8,885","3,421",
MOROCCO,2009,"8,341","7,980","2,293",
MOROCCO,2010,"9,288","8,176","2,175",
MOROCCO,2011,"9,342","9,101","2,378",
MOROCCO,2012,"9,375","8,491","2,323",
MOROCCO,2013,"10,046","8,201","2,195",
MOROCCO,2014,"10,283","9,070","1,850",
MOROCCO,2015,"10,177","7,765","1,910",
MOROCCO,2016,"10,332","7,922","1,864",
MOROCCO,2017,"11,349","9,086","1,849",
MOROCCO,2018,"12,289","9,523","1,923",
MOZAMBIQUE,2008,"1,193",213,,
MOZAMBIQUE,2009,"1,461",217,,
MOZAMBIQUE,2010,"1,718",135,,
MOZAMBIQUE,2011,"1,902",171,,
MOZAMBIQUE,2012,"2,113",224,,
MOZAMBIQUE,2013,"1,886",228,,
MOZAMBIQUE,2014,"1,661",225,,
MOZAMBIQUE,2015,"1,552",202,,
MOZAMBIQUE,2016,"1,639",114,,
MOZAMBIQUE,2017,"1,447",164,,
MOZAMBIQUE,2018,"2,743",331,,
MYANMAR,2008,731,80,,
MYANMAR,2009,763,75,,
MYANMAR,2010,792,91,,
MYANMAR,2011,816,334,,
MYANMAR,2012,"1,059",550,,
MYANMAR,2013,"2,044",964,,
MYANMAR,2014,"3,081","1,687",,
MYANMAR,2015,"4,681","2,199",,
MYANMAR,2016,"2,907","2,289",,
MYANMAR,2017,"3,443","1,988",,
MYANMAR,2018,"3,551","1,670",,
NAMIBIA,2008,931,484,,
NAMIBIA,2009,980,512,,
NAMIBIA,2010,984,473,,
NAMIBIA,2011,"1,027",520,,
NAMIBIA,2012,"1,079",635,,
NAMIBIA,2013,"1,176",361,,
NAMIBIA,2014,"1,320",552,,
NAMIBIA,2015,"1,388",540,,
NAMIBIA,2016,"1,469",349,,
NAMIBIA,2017,"1,499",449,,
NAMIBIA,2018,,488,,
NAURU,2008,,,,
NAURU,2009,,,,
NAURU,2010,,,,
NAURU,2011,,,,
NAURU,2012,,,,
NAURU,2013,,,,
NAURU,2014,,,,
NAURU,2015,,,,
NAURU,2016,,,,
NAURU,2017,,,,
NAURU,2018,,,,
NEPAL,2008,500,353,561,
NEPAL,2009,510,439,589,
NEPAL,2010,603,378,765,
NEPAL,2011,736,415,774,
NEPAL,2012,803,379,862,
NEPAL,2013,798,460,983,
NEPAL,2014,790,511,,
NEPAL,2015,539,509,,
NEPAL,2016,753,498,,
NEPAL,2017,940,712,"1,197",
NEPAL,2018,"1,173",744,,
NETHERLANDS,2008,"10,104",,"18,399",
NETHERLANDS,2009,"9,921",,"18,340",
NETHERLANDS,2010,"10,883",,"18,368",
NETHERLANDS,2011,"11,300",,"18,560",
NETHERLANDS,2012,"11,680","17,675","18,628",
NETHERLANDS,2013,"12,783","19,429","18,094",
NETHERLANDS,2014,"13,925","19,669","17,928",
NETHERLANDS,2015,"15,007","17,558","18,070",
NETHERLANDS,2016,"15,828","21,151","17,938",
NETHERLANDS,2017,"17,924","23,414","22,095",
NETHERLANDS,2018,"18,780","25,850","22,115",
NEW CALEDONIA,2008,104,267,112,
NEW CALEDONIA,2009,99,236,119,
NEW CALEDONIA,2010,99,226,132,
NEW CALEDONIA,2011,112,285,124,
NEW CALEDONIA,2012,112,288,121,
NEW CALEDONIA,2013,108,287,121,
NEW CALEDONIA,2014,107,287,124,
NEW CALEDONIA,2015,114,246,127,
NEW CALEDONIA,2016,116,248,134,
NEW CALEDONIA,2017,121,,135,
NEW CALEDONIA,2018,120,,139,
NEW ZEALAND,2008,"2,483",,"1,967",
NEW ZEALAND,2009,"2,473",,"1,918",
NEW ZEALAND,2010,"2,530",,"2,026",
NEW ZEALAND,2011,"2,617",,"2,096",
NEW ZEALAND,2012,"2,574",,"2,172",
NEW ZEALAND,2013,"2,710",,"2,197",
NEW ZEALAND,2014,"2,854",,"2,276",
NEW ZEALAND,2015,"3,129",,"2,412",
NEW ZEALAND,2016,"3,494",,"2,611",
NEW ZEALAND,2017,"3,723",,"2,853",
NEW ZEALAND,2018,"3,858",,"3,038",
NICARAGUA,2008,858,,942,
NICARAGUA,2009,932,,858,
NICARAGUA,2010,"1,011",,908,
NICARAGUA,2011,"1,060",,912,
NICARAGUA,2012,"1,180",,979,
NICARAGUA,2013,"1,229",,994,
NICARAGUA,2014,"1,330",,959,
NICARAGUA,2015,"1,386",,925,
NICARAGUA,2016,"1,504",,981,
NICARAGUA,2017,"1,787",,982,
NICARAGUA,2018,"1,256",,974,
NIGER,2008,73,86,,
NIGER,2009,66,69,,
NIGER,2010,74,106,,
NIGER,2011,82,54,,
NIGER,2012,94,51,,
NIGER,2013,123,59,,
NIGER,2014,135,100,,
NIGER,2015,135,80,,
NIGER,2016,152,84,,
NIGER,2017,164,91,,
NIGER,2018,157,,,
NIGERIA,2008,"5,820",958,,
NIGERIA,2009,"6,053",791,,
NIGERIA,2010,"6,113",736,,
NIGERIA,2011,"3,765",688,,
NIGERIA,2012,"4,673",638,,
NIGERIA,2013,"4,038",616,,
NIGERIA,2014,"4,803",605,,
NIGERIA,2015,"6,017",461,,
NIGERIA,2016,"5,265","1,088",,
NIGERIA,2017,,"2,615",,
NIGERIA,2018,,"1,977",,
NIUE,2008,4.7,2,1.8,
NIUE,2009,4.7,1.7,1.7,
NIUE,2010,6.2,2.2,1.6,
NIUE,2011,6.1,,,
NIUE,2012,5,,,
NIUE,2013,7,,,
NIUE,2014,7.4,,,
NIUE,2015,7.7,,,
NIUE,2016,8.9,,,
NIUE,2017,9.8,,,
NIUE,2018,,,,
NORTH MACEDONIA,2008,255,262,,
NORTH MACEDONIA,2009,259,232,,
NORTH MACEDONIA,2010,262,199,,
NORTH MACEDONIA,2011,327,242,,
NORTH MACEDONIA,2012,351,237,,
NORTH MACEDONIA,2013,400,270,,
NORTH MACEDONIA,2014,425,298,,
NORTH MACEDONIA,2015,486,268,,
NORTH MACEDONIA,2016,510,283,,
NORTH MACEDONIA,2017,631,331,,
NORTH MACEDONIA,2018,707,387,,
NORTHERN MARIANA ISLANDS,2008,397,,,
NORTHERN MARIANA ISLANDS,2009,354,,,
NORTHERN MARIANA ISLANDS,2010,379,,,
NORTHERN MARIANA ISLANDS,2011,341,,,
NORTHERN MARIANA ISLANDS,2012,401,,,
NORTHERN MARIANA ISLANDS,2013,439,,,
NORTHERN MARIANA ISLANDS,2014,460,,,
NORTHERN MARIANA ISLANDS,2015,479,,,
NORTHERN MARIANA ISLANDS,2016,531,,,
NORTHERN MARIANA ISLANDS,2017,660,,,
NORTHERN MARIANA ISLANDS,2018,518,,,
NORWAY,2008,"4,347","5,702",,
NORWAY,2009,"4,346","4,949","6,640",
NORWAY,2010,"4,767","5,299","7,590",
NORWAY,2011,"4,963","6,565","8,130",
NORWAY,2012,"4,538","6,784","9,250",
NORWAY,2013,"4,778","7,175","9,280",
NORWAY,2014,"4,855","7,503","9,190",
NORWAY,2015,"5,361","6,370","8,750",
NORWAY,2016,"5,960","6,285","8,030",
NORWAY,2017,"6,252","6,840","8,170",
NORWAY,2018,"5,688","7,096","8,110",
OMAN,2008,"1,373","1,105","2,062",
OMAN,2009,"1,521","1,092","1,645",
OMAN,2010,"1,441","1,072","1,873",
OMAN,2011,"1,018","1,515","2,446",
OMAN,2012,"1,241","1,723","2,888",
OMAN,2013,"1,392","1,888","3,103",
OMAN,2014,"1,611","1,971","3,358",
OMAN,2015,"1,909","2,247","3,838",
OMAN,2016,"2,335","2,390","4,167",
OMAN,2017,"2,316","2,717","4,473",
OMAN,2018,"2,301","2,975","3,350",
PAKISTAN,2008,823,986,,
PAKISTAN,2009,855,950,,
PAKISTAN,2010,907,998,,
PAKISTAN,2011,"1,161","1,127",,
PAKISTAN,2012,966,"1,014",,
PAKISTAN,2013,,938,,
PAKISTAN,2014,,971,,
PAKISTAN,2015,,915,,
PAKISTAN,2016,,791,,
PAKISTAN,2017,,866,,
PAKISTAN,2018,,818,,
PALAU,2008,81,78,,
PALAU,2009,71,76,,
PALAU,2010,85,76,,
PALAU,2011,111,94,,
PALAU,2012,120,109,,
PALAU,2013,108,117,,
PALAU,2014,140,131,,
PALAU,2015,162,156,,
PALAU,2016,138,148,,
PALAU,2017,123,123,,
PALAU,2018,106,,,
PANAMA,2008,"1,247","2,208",369,
PANAMA,2009,"1,200","2,280",336,
PANAMA,2010,"1,324","2,621",392,
PANAMA,2011,"1,473","3,630",414,
PANAMA,2012,"1,606","4,585",447,
PANAMA,2013,"1,658","5,419",619,
PANAMA,2014,"1,745","5,749",853,
PANAMA,2015,"2,110","5,754",740,
PANAMA,2016,"1,921","6,280",770,
PANAMA,2017,"1,843","6,824",917,
PANAMA,2018,"1,785","5,615",681,
PAPUA NEW GUINEA,2008,114,3.7,,
PAPUA NEW GUINEA,2009,121,,,
PAPUA NEW GUINEA,2010,140,2.4,,
PAPUA NEW GUINEA,2011,158,5.1,,
PAPUA NEW GUINEA,2012,168,,,
PAPUA NEW GUINEA,2013,174,3.7,,
PAPUA NEW GUINEA,2014,182,2.8,,
PAPUA NEW GUINEA,2015,183,,,
PAPUA NEW GUINEA,2016,179,1.6,,
PAPUA NEW GUINEA,2017,139,15.3,,
PAPUA NEW GUINEA,2018,140,,,
PARAGUAY,2008,428,128,278,
PARAGUAY,2009,439,225,288,
PARAGUAY,2010,465,243,302,
PARAGUAY,2011,524,261,347,
PARAGUAY,2012,579,291,400,
PARAGUAY,2013,610,299,440,
PARAGUAY,2014,649,314,426,
PARAGUAY,2015,"1,215",348,"1,008",
PARAGUAY,2016,"1,308",356,"1,503",
PARAGUAY,2017,"1,584",399,"1,548",
PARAGUAY,2018,"1,181",393,"1,266",
PERU,2008,"2,058","2,396","1,913",
PERU,2009,"2,140","2,440","1,891",
PERU,2010,"2,299","2,475","2,058",
PERU,2011,"2,598","2,814","2,132",
PERU,2012,"2,846","3,074","2,296",
PERU,2013,"3,164","3,916","2,364",
PERU,2014,"3,215","3,907","2,442",
PERU,2015,"3,456","4,140","2,595",
PERU,2016,"3,744","4,288","2,751",
PERU,2017,"4,032","4,573","2,875",
PERU,2018,"4,419","4,894","3,078",
PHILIPPINES,2008,"3,139","3,293","3,355",
PHILIPPINES,2009,"3,017","2,916","3,188",
PHILIPPINES,2010,"3,520","3,441",,
PHILIPPINES,2011,"3,917","4,053",,
PHILIPPINES,2012,"4,273","4,963",,
PHILIPPINES,2013,"4,681","5,599",,
PHILIPPINES,2014,"4,833","6,059","3,488",
PHILIPPINES,2015,"5,361","6,414","5,115",
PHILIPPINES,2016,"5,967","6,289","5,703",
PHILIPPINES,2017,"6,621","8,349",,
PHILIPPINES,2018,"7,168","9,730",,
POLAND,2008,"12,960","12,895","50,243",
POLAND,2009,"11,890","9,889","39,270",
POLAND,2010,"12,470","10,036","42,760",
POLAND,2011,"13,350","11,652","43,270",
POLAND,2012,"14,840","11,889","48,290",
POLAND,2013,"15,800","12,433","52,580",
POLAND,2014,"16,000","12,925","35,400",
POLAND,2015,"16,728","11,355","44,300",
POLAND,2016,"17,471","12,052","44,500",
POLAND,2017,"18,258","14,083","46,700",
POLAND,2018,"19,622","15,748","48,600",
PORTUGAL,2008,"6,962","14,081",,
PORTUGAL,2009,"6,439","12,357",,
PORTUGAL,2010,"6,756","12,984",,
PORTUGAL,2011,"7,264","14,911",,
PORTUGAL,2012,"7,503","14,578","1,361",
PORTUGAL,2013,"9,177","16,080","1,490",
PORTUGAL,2014,"10,497","17,577","1,502",
PORTUGAL,2015,"11,723","16,007","1,893",
PORTUGAL,2016,"13,359","17,347","1,941",
PORTUGAL,2017,"15,432","21,586","2,195",
PORTUGAL,2018,"16,186","24,105","2,486",
PUERTO RICO,2008,"3,716","3,535","1,438",
PUERTO RICO,2009,"3,183","3,176","1,116",
PUERTO RICO,2010,"3,186","3,211",980,
PUERTO RICO,2011,"3,048","3,143",924,
PUERTO RICO,2012,"3,069","3,193",876,
PUERTO RICO,2013,"3,172","3,311",839,
PUERTO RICO,2014,"3,246","3,439",793,
PUERTO RICO,2015,"3,542","3,825",746,
PUERTO RICO,2016,"3,736","3,974",789,
PUERTO RICO,2017,"3,513","3,848",792,
PUERTO RICO,2018,"3,068","3,282",,
QATAR,2008,,,,
QATAR,2009,"1,482",,,
QATAR,2010,"1,700",,,
QATAR,2011,"2,057","4,463",,
QATAR,2012,"2,324","7,220",,
QATAR,2013,"2,612","8,452",,
QATAR,2014,"2,839","10,576",,
QATAR,2015,"2,941","12,131",,
QATAR,2016,"2,938","12,593",,
QATAR,2017,"2,257","15,757",,
QATAR,2018,"1,819","15,239",,
REUNION,2008,396,425,,
REUNION,2009,422,441,,
REUNION,2010,420,392,,
REUNION,2011,471,445,,
REUNION,2012,447,415,,
REUNION,2013,416,418,,
REUNION,2014,406,354,,
REUNION,2015,426,333,,
REUNION,2016,458,343,,
REUNION,2017,508,427,,
REUNION,2018,535,495,,
ROMANIA,2008,"8,862","2,626","13,072",
ROMANIA,2009,"7,575","1,688","11,723",
ROMANIA,2010,"7,498","1,631","10,905",
ROMANIA,2011,"7,611","2,016","10,936",
ROMANIA,2012,"7,937","1,904","11,149",
ROMANIA,2013,"8,019","2,048","11,364",
ROMANIA,2014,"8,442","2,225","12,299",
ROMANIA,2015,"9,331","2,097","13,118",
ROMANIA,2016,"10,223","2,172","16,128",
ROMANIA,2017,"10,926","3,008","19,953",
ROMANIA,2018,"11,720","3,261","21,039",
RUSSIAN FEDERATION,2008,"23,676","15,821","36,538",
RUSSIAN FEDERATION,2009,"21,339","12,369","34,276",
RUSSIAN FEDERATION,2010,"22,281","13,239","39,323",
RUSSIAN FEDERATION,2011,"24,932","16,961","43,726",
RUSSIAN FEDERATION,2012,"28,177","17,876","47,813",
RUSSIAN FEDERATION,2013,"30,792","20,198","54,069",
RUSSIAN FEDERATION,2014,"32,421","19,451","45,889",
RUSSIAN FEDERATION,2015,"33,729","13,186","34,550",
RUSSIAN FEDERATION,2016,"24,571","12,822","31,659",
RUSSIAN FEDERATION,2017,"24,390","14,983","39,629",
RUSSIAN FEDERATION,2018,"24,551","18,670","41,964",
RWANDA,2008,669,224,,
RWANDA,2009,663,223,,
RWANDA,2010,666,224,,
RWANDA,2011,908,298,,
RWANDA,2012,"1,061",337,,
RWANDA,2013,"1,122",364,,
RWANDA,2014,"1,220",376,,
RWANDA,2015,"1,298",427,,
RWANDA,2016,"1,307",443,,
RWANDA,2017,,548,,
RWANDA,2018,,528,,
SABA,2008,12,,,
SABA,2009,12,,,
SABA,2010,12.3,,,
SABA,2011,,,,
SABA,2012,,,,
SABA,2013,,,,
SABA,2014,,,,
SABA,2015,,,,
SABA,2016,,,,
SABA,2017,,,,
SABA,2018,,,,
SAINT KITTS AND NEVIS,2008,128,,,
SAINT KITTS AND NEVIS,2009,83,,,
SAINT KITTS AND NEVIS,2010,98,,,
SAINT KITTS AND NEVIS,2011,104,,,
SAINT KITTS AND NEVIS,2012,104,,,
SAINT KITTS AND NEVIS,2013,107,,,
SAINT KITTS AND NEVIS,2014,113,,,
SAINT KITTS AND NEVIS,2015,118,,,
SAINT KITTS AND NEVIS,2016,116,,,
SAINT KITTS AND NEVIS,2017,115,,,
SAINT KITTS AND NEVIS,2018,125,,,
SAINT LUCIA,2008,296,,,
SAINT LUCIA,2009,278,,,
SAINT LUCIA,2010,306,,,
SAINT LUCIA,2011,312,,,
SAINT LUCIA,2012,307,,,
SAINT LUCIA,2013,319,,,
SAINT LUCIA,2014,338,,,
SAINT LUCIA,2015,345,,,
SAINT LUCIA,2016,348,,,
SAINT LUCIA,2017,386,,,
SAINT LUCIA,2018,395,,,
SAINT VINCENT AND THE GRENADINES,2008,84,,,
SAINT VINCENT AND THE GRENADINES,2009,75,,,
SAINT VINCENT AND THE GRENADINES,2010,72,,,
SAINT VINCENT AND THE GRENADINES,2011,74,,,
SAINT VINCENT AND THE GRENADINES,2012,74,,,
SAINT VINCENT AND THE GRENADINES,2013,72,,,
SAINT VINCENT AND THE GRENADINES,2014,71,179,,
SAINT VINCENT AND THE GRENADINES,2015,75,211,,
SAINT VINCENT AND THE GRENADINES,2016,79,221,,
SAINT VINCENT AND THE GRENADINES,2017,76,216,,
SAINT VINCENT AND THE GRENADINES,2018,80,241,,
SAMOA,2008,118,112,53,
SAMOA,2009,122,115,43,
SAMOA,2010,122,124,56,
SAMOA,2011,121,135,57,
SAMOA,2012,126,148,56,
SAMOA,2013,116,137,51,
SAMOA,2014,120,148,57,
SAMOA,2015,128,142,54,
SAMOA,2016,134,149,,
SAMOA,2017,146,167,55,
SAMOA,2018,164,191,64,
SAN MARINO,2008,115,,,
SAN MARINO,2009,151,,,
SAN MARINO,2010,120,,,
SAN MARINO,2011,156,,,
SAN MARINO,2012,139,,,
SAN MARINO,2013,71,,,
SAN MARINO,2014,75,,,
SAN MARINO,2015,54,,,
SAN MARINO,2016,60,,,
SAN MARINO,2017,78,,,
SAN MARINO,2018,84,,,
SAO TOME AND PRINCIPE,2008,14.5,,,
SAO TOME AND PRINCIPE,2009,15.2,,,
SAO TOME AND PRINCIPE,2010,8,,,
SAO TOME AND PRINCIPE,2011,12.2,,,
SAO TOME AND PRINCIPE,2012,,,,
SAO TOME AND PRINCIPE,2013,,30.9,,
SAO TOME AND PRINCIPE,2014,,56.1,,
SAO TOME AND PRINCIPE,2015,25.6,62.5,,
SAO TOME AND PRINCIPE,2016,28.9,69.1,,
SAO TOME AND PRINCIPE,2017,28.9,65.9,,
SAO TOME AND PRINCIPE,2018,33.4,71.9,,
SAUDI ARABIA,2008,"14,757","6,775","4,087",
SAUDI ARABIA,2009,"10,897","6,744","6,032",
SAUDI ARABIA,2010,"10,850","7,536","17,827",
SAUDI ARABIA,2011,"14,179","9,317","15,281",
SAUDI ARABIA,2012,"16,332","8,400","18,671",
SAUDI ARABIA,2013,"15,772","8,690","19,154",
SAUDI ARABIA,2014,"18,260","9,263","19,824",
SAUDI ARABIA,2015,"17,994","11,183","20,819",
SAUDI ARABIA,2016,"18,044","13,438","21,207",
SAUDI ARABIA,2017,"16,109","15,020","21,146",
SAUDI ARABIA,2018,"15,334","16,975","21,866",
SENEGAL,2008,867,637,,
SENEGAL,2009,810,474,,
SENEGAL,2010,900,464,,
SENEGAL,2011,968,524,,
SENEGAL,2012,962,469,,
SENEGAL,2013,"1,063",495,,
SENEGAL,2014,963,481,,
SENEGAL,2015,"1,007",416,,
SENEGAL,2016,"1,210",438,,
SENEGAL,2017,"1,365",468,,
SENEGAL,2018,,,,
SERBIA,2008,646,"1,114",,
SERBIA,2009,645,986,,
SERBIA,2010,683,950,,
SERBIA,2011,764,"1,149",,
SERBIA,2012,810,"1,080",,
SERBIA,2013,922,"1,221",,
SERBIA,2014,"1,029","1,352",,
SERBIA,2015,"1,132","1,322",,
SERBIA,2016,"1,281","1,461",,
SERBIA,2017,"1,497","1,706",,
SERBIA,2018,"1,711","1,921",,
SERBIA AND MONTENEGRO,2008,,,,
SERBIA AND MONTENEGRO,2009,,,,
SERBIA AND MONTENEGRO,2010,,,,
SERBIA AND MONTENEGRO,2011,,,,
SERBIA AND MONTENEGRO,2012,,,,
SERBIA AND MONTENEGRO,2013,,,,
SERBIA AND MONTENEGRO,2014,,,,
SERBIA AND MONTENEGRO,2015,,,,
SERBIA AND MONTENEGRO,2016,,,,
SERBIA AND MONTENEGRO,2017,,,,
SERBIA AND MONTENEGRO,2018,,,,
SEYCHELLES,2008,159,408,54,
SEYCHELLES,2009,158,349,49,
SEYCHELLES,2010,175,352,59,
SEYCHELLES,2011,194,380,48,
SEYCHELLES,2012,208,429,45,
SEYCHELLES,2013,230,484,47,
SEYCHELLES,2014,233,481,50,
SEYCHELLES,2015,276,483,56,
SEYCHELLES,2016,303,505,68,
SEYCHELLES,2017,350,585,74,
SEYCHELLES,2018,362,611,72,
SIERRA LEONE,2008,36,,73,
SIERRA LEONE,2009,37,,72,
SIERRA LEONE,2010,39,,76,
SIERRA LEONE,2011,52,,99,
SIERRA LEONE,2012,60,,104,
SIERRA LEONE,2013,81,,111,
SIERRA LEONE,2014,44,,93,
SIERRA LEONE,2015,24,,61,
SIERRA LEONE,2016,55,,92,
SIERRA LEONE,2017,51,,110,
SIERRA LEONE,2018,57,,112,
SINGAPORE,2008,"7,778",,"6,828",
SINGAPORE,2009,"7,488",,"6,961",
SINGAPORE,2010,"9,161",,"7,342",
SINGAPORE,2011,"10,390",,"7,753",
SINGAPORE,2012,"11,098",,"8,048",
SINGAPORE,2013,"11,899",,"8,647",
SINGAPORE,2014,"11,864",,"8,647",
SINGAPORE,2015,"12,051",,"8,903",
SINGAPORE,2016,"12,913",,"9,125",
SINGAPORE,2017,"13,903",,"9,474",
SINGAPORE,2018,"14,673",,"9,889",
SINT EUSTATIUS,2008,11.8,,,
SINT EUSTATIUS,2009,12,,,
SINT EUSTATIUS,2010,11.4,,,
SINT EUSTATIUS,2011,,,,
SINT EUSTATIUS,2012,,,,
SINT EUSTATIUS,2013,,,,
SINT EUSTATIUS,2014,,,,
SINT EUSTATIUS,2015,,,,
SINT EUSTATIUS,2016,,,,
SINT EUSTATIUS,2017,,,,
SINT EUSTATIUS,2018,,,,
SINT MAARTEN (DUTCH PART),2008,475,667,,
SINT MAARTEN (DUTCH PART),2009,440,619,,
SINT MAARTEN (DUTCH PART),2010,443,681,,
SINT MAARTEN (DUTCH PART),2011,424,729,,
SINT MAARTEN (DUTCH PART),2012,457,854,,
SINT MAARTEN (DUTCH PART),2013,467,871,,
SINT MAARTEN (DUTCH PART),2014,500,922,,
SINT MAARTEN (DUTCH PART),2015,505,913,,
SINT MAARTEN (DUTCH PART),2016,528,871,,
SINT MAARTEN (DUTCH PART),2017,402,646,,
SINT MAARTEN (DUTCH PART),2018,178,468,,
SLOVAKIA,2008,"1,767","3,096","3,683",
SLOVAKIA,2009,"1,298","2,541","3,230",
SLOVAKIA,2010,"1,327","2,334","2,692",
SLOVAKIA,2011,"1,460","2,515","3,285",
SLOVAKIA,2012,"1,528","2,365","2,689",
SLOVAKIA,2013,"1,670","2,702","2,129",
SLOVAKIA,2014,"1,475","2,642","2,406",
SLOVAKIA,2015,"1,721","2,480","2,777",
SLOVAKIA,2016,"2,027","2,812","3,095",
SLOVAKIA,2017,"2,162","3,024","3,870",
SLOVAKIA,2018,"2,256","3,318",,
SLOVENIA,2008,"1,958","2,955","2,459",
SLOVENIA,2009,"1,824","2,817","2,586",
SLOVENIA,2010,"2,049","2,808","2,874",
SLOVENIA,2011,"2,236","3,048","2,722",
SLOVENIA,2012,"2,377","2,793","2,474",
SLOVENIA,2013,"2,502","2,966","2,612",
SLOVENIA,2014,"2,675","3,052","2,642",
SLOVENIA,2015,"3,022","2,593","2,867",
SLOVENIA,2016,"3,397","2,717","2,853",
SLOVENIA,2017,"3,991","3,057","3,013",
SLOVENIA,2018,"4,425","3,378","3,188",
SOLOMON ISLANDS,2008,16.3,31,,
SOLOMON ISLANDS,2009,18.3,39,,
SOLOMON ISLANDS,2010,20.5,51,,
SOLOMON ISLANDS,2011,22.9,66,,
SOLOMON ISLANDS,2012,23.9,65,,
SOLOMON ISLANDS,2013,24.4,71,,
SOLOMON ISLANDS,2014,20.1,65,,
SOLOMON ISLANDS,2015,21.6,60,,
SOLOMON ISLANDS,2016,23.2,71,,
SOLOMON ISLANDS,2017,25.7,79,,
SOLOMON ISLANDS,2018,27.9,92,,
SOUTH AFRICA,2008,"9,592","9,178",,
SOUTH AFRICA,2009,"7,012","8,684",,
SOUTH AFRICA,2010,"8,074","10,309",,
SOUTH AFRICA,2011,"8,339","10,706",,
SOUTH AFRICA,2012,"9,188","11,202",,
SOUTH AFRICA,2013,"9,537","10,468",,
SOUTH AFRICA,2014,"9,549","10,484",,
SOUTH AFRICA,2015,"8,904","9,140",,
SOUTH AFRICA,2016,"10,044","8,807",,
SOUTH AFRICA,2017,"10,285","9,706",,
SOUTH AFRICA,2018,"10,472","9,789",,
SOUTH SUDAN,2008,,,,
SOUTH SUDAN,2009,,,,
SOUTH SUDAN,2010,,,,
SOUTH SUDAN,2011,,,,
SOUTH SUDAN,2012,,,,
SOUTH SUDAN,2013,,,,
SOUTH SUDAN,2014,,,,
SOUTH SUDAN,2015,,22,,
SOUTH SUDAN,2016,,24,,
SOUTH SUDAN,2017,,26,,
SOUTH SUDAN,2018,,12,,
SPAIN,2008,"57,192",,"11,229",
SPAIN,2009,"52,178",,"12,017",
SPAIN,2010,"52,677",,"12,379",
SPAIN,2011,"56,177",,"13,347",
SPAIN,2012,"57,464",,"12,422",
SPAIN,2013,"60,675",,"11,246",
SPAIN,2014,"64,939",,"11,783",
SPAIN,2015,"68,175",,"14,407",
SPAIN,2016,"75,315",,"15,405",
SPAIN,2017,"81,869",,"17,031",
SPAIN,2018,"82,773",,"19,116",
SRI LANKA,2008,438,803,966,
SRI LANKA,2009,448,754,963,
SRI LANKA,2010,654,"1,044","1,122",
SRI LANKA,2011,856,"1,421","1,239",
SRI LANKA,2012,"1,006","1,756","1,269",
SRI LANKA,2013,"1,275","2,506","1,262",
SRI LANKA,2014,"1,527","3,278","1,311",
SRI LANKA,2015,"1,798","3,978","1,356",
SRI LANKA,2016,"2,051","4,591","1,448",
SRI LANKA,2017,"2,116","5,083","1,439",
SRI LANKA,2018,"2,334","5,608","1,476",
STATE OF PALESTINE,2008,387,,,
STATE OF PALESTINE,2009,396,,,
STATE OF PALESTINE,2010,522,,,
STATE OF PALESTINE,2011,449,,,
STATE OF PALESTINE,2012,490,,,
STATE OF PALESTINE,2013,545,,,
STATE OF PALESTINE,2014,556,,,
STATE OF PALESTINE,2015,432,,,
STATE OF PALESTINE,2016,400,,,
STATE OF PALESTINE,2017,503,,,
STATE OF PALESTINE,2018,606,,,
SUDAN,2008,440,,,
SUDAN,2009,420,,,
SUDAN,2010,495,,,
SUDAN,2011,536,,,
SUDAN,2012,575,,,
SUDAN,2013,591,,,
SUDAN,2014,684,,,
SUDAN,2015,741,,,
SUDAN,2016,800,,,
SUDAN,2017,813,,,
SUDAN,2018,836,,,
SURINAME,2008,151,83,,
SURINAME,2009,151,70,,
SURINAME,2010,205,69,,
SURINAME,2011,220,69,,
SURINAME,2012,240,79,,
SURINAME,2013,249,92,,
SURINAME,2014,252,103,,
SURINAME,2015,228,99,,
SURINAME,2016,256,74,,
SURINAME,2017,278,61,,
SURINAME,2018,,73,,
SWEDEN,2008,"4,555","11,732","13,291",
SWEDEN,2009,"4,899","9,769","11,699",
SWEDEN,2010,"5,183","10,674","13,042",
SWEDEN,2011,"5,222",,"14,651",
SWEDEN,2012,"5,146",,"15,548",
SWEDEN,2013,"5,229",,"15,917",
SWEDEN,2014,"5,660",,,
SWEDEN,2015,"6,482",,,
SWEDEN,2016,"6,782",,,
SWEDEN,2017,"7,054",,"21,232",
SWEDEN,2018,"7,440",,,
SWITZERLAND,2008,"8,608","17,596","11,147",
SWITZERLAND,2009,"8,294","16,667","10,453",
SWITZERLAND,2010,"8,628","17,614","10,011",
SWITZERLAND,2011,"8,534","20,659","10,466",
SWITZERLAND,2012,"8,566","19,594","12,098",
SWITZERLAND,2013,"8,967","20,345","12,403",
SWITZERLAND,2014,"9,158","21,432","12,518",
SWITZERLAND,2015,"9,305","19,597","13,601",
SWITZERLAND,2016,"9,205","19,042","13,857",
SWITZERLAND,2017,"9,889","19,654","15,318",
SWITZERLAND,2018,"10,362","20,276","15,285",
SYRIAN ARAB REPUBLIC,2008,"5,430","3,176","5,253",
SYRIAN ARAB REPUBLIC,2009,"6,092","3,781","5,215",
SYRIAN ARAB REPUBLIC,2010,"8,546","6,308","6,259",
SYRIAN ARAB REPUBLIC,2011,"5,070","1,816",,
SYRIAN ARAB REPUBLIC,2012,,,,
SYRIAN ARAB REPUBLIC,2013,,,,
SYRIAN ARAB REPUBLIC,2014,,,,
SYRIAN ARAB REPUBLIC,2015,,,,
SYRIAN ARAB REPUBLIC,2016,,,,
SYRIAN ARAB REPUBLIC,2017,,,,
SYRIAN ARAB REPUBLIC,2018,,,,
TAIWAN PROVINCE OF CHINA,2008,"3,845","7,156","8,465",
TAIWAN PROVINCE OF CHINA,2009,"4,395","7,956","8,143",
TAIWAN PROVINCE OF CHINA,2010,"5,567","10,387","9,415",
TAIWAN PROVINCE OF CHINA,2011,"6,087","13,067","9,584",
TAIWAN PROVINCE OF CHINA,2012,"7,311","14,115","10,240",
TAIWAN PROVINCE OF CHINA,2013,"8,016","14,782","11,053",
TAIWAN PROVINCE OF CHINA,2014,"9,910","17,419","11,845",
TAIWAN PROVINCE OF CHINA,2015,"10,440","16,987","13,183",
TAIWAN PROVINCE OF CHINA,2016,"10,690","15,825","14,589",
TAIWAN PROVINCE OF CHINA,2017,"10,740","14,847","15,655",
TAIWAN PROVINCE OF CHINA,2018,"11,067","16,366","16,645",
TAJIKISTAN,2008,325,24,,
TAJIKISTAN,2009,207,20,,
TAJIKISTAN,2010,160,142,,
TAJIKISTAN,2011,183,184,,
TAJIKISTAN,2012,244,287,15,
TAJIKISTAN,2013,208,233,15,
TAJIKISTAN,2014,213,220,19,
TAJIKISTAN,2015,414,146,16,
TAJIKISTAN,2016,344,150,22,
TAJIKISTAN,2017,431,172,31,
TAJIKISTAN,2018,"1,035",171,31,
"TANZANIA, UNITED REPUBLIC OF",2008,750,"1,293",,
"TANZANIA, UNITED REPUBLIC OF",2009,695,"1,192",,
"TANZANIA, UNITED REPUBLIC OF",2010,754,"1,279",,
"TANZANIA, UNITED REPUBLIC OF",2011,843,"1,383",,
"TANZANIA, UNITED REPUBLIC OF",2012,"1,043","1,754",,
"TANZANIA, UNITED REPUBLIC OF",2013,"1,063","1,939",,
"TANZANIA, UNITED REPUBLIC OF",2014,"1,113","2,047",,
"TANZANIA, UNITED REPUBLIC OF",2015,"1,104","1,924",,
"TANZANIA, UNITED REPUBLIC OF",2016,"1,233","2,149",,
"TANZANIA, UNITED REPUBLIC OF",2017,"1,275","2,265",,
"TANZANIA, UNITED REPUBLIC OF",2018,"1,378","2,465",,
THAILAND,2008,"14,584","22,510","3,908",
THAILAND,2009,"14,150","19,811","4,653",
THAILAND,2010,"15,936","23,796","5,451",
THAILAND,2011,"19,230","30,924","5,397",
THAILAND,2012,"22,354","34,565","5,721",
THAILAND,2013,"26,547","41,765","5,970",
THAILAND,2014,"24,810","38,451","6,444",
THAILAND,2015,"29,923","44,851","6,794",
THAILAND,2016,"32,530","48,459","8,204",
THAILAND,2017,"35,592","57,057","8,963",
THAILAND,2018,"38,178","65,242","9,966",
TIMOR-LESTE,2008,36,,,
TIMOR-LESTE,2009,44,,,
TIMOR-LESTE,2010,40,,,
TIMOR-LESTE,2011,51,,,
TIMOR-LESTE,2012,58,,,
TIMOR-LESTE,2013,79,,,
TIMOR-LESTE,2014,60,,,
TIMOR-LESTE,2015,62,,,
TIMOR-LESTE,2016,66,,,
TIMOR-LESTE,2017,74,,,
TIMOR-LESTE,2018,75,,,
TOGO,2008,74,44,,
TOGO,2009,150,73,,
TOGO,2010,202,105,,
TOGO,2011,300,209,,
TOGO,2012,235,206,,
TOGO,2013,327,233,,
TOGO,2014,282,233,,
TOGO,2015,273,212,,
TOGO,2016,338,223,,
TOGO,2017,514,245,,
TOGO,2018,573,,,
TONGA,2008,50,18,,
TONGA,2009,46,18,,
TONGA,2010,47,17,,
TONGA,2011,46,33,,
TONGA,2012,47,40,,
TONGA,2013,48,47,,
TONGA,2014,50,38,,
TONGA,2015,54,46,,
TONGA,2016,59,53,,
TONGA,2017,63,49,,
TONGA,2018,54,48,,
TRINIDAD AND TOBAGO,2008,437,557,,
TRINIDAD AND TOBAGO,2009,419,548,270,
TRINIDAD AND TOBAGO,2010,388,630,273,
TRINIDAD AND TOBAGO,2011,431,650,,
TRINIDAD AND TOBAGO,2012,455,852,,
TRINIDAD AND TOBAGO,2013,434,856,,
TRINIDAD AND TOBAGO,2014,412,875,,
TRINIDAD AND TOBAGO,2015,440,809,,
TRINIDAD AND TOBAGO,2016,409,708,,
TRINIDAD AND TOBAGO,2017,395,717,,
TRINIDAD AND TOBAGO,2018,375,541,,
TUNISIA,2008,"7,050","3,909","3,118",
TUNISIA,2009,"7,797","3,524","2,623",
TUNISIA,2010,"7,828","3,477","2,250",
TUNISIA,2011,"5,746","2,529","2,303",
TUNISIA,2012,"6,999","2,931","2,897",
TUNISIA,2013,"7,352","2,863","2,873",
TUNISIA,2014,"7,163","3,042","2,637",
TUNISIA,2015,"5,359","1,869",,
TUNISIA,2016,"5,724","1,706","1,830",
TUNISIA,2017,"7,052","1,782",,
TUNISIA,2018,"8,299","2,320","2,515",
TURKEY,2008,"29,792","26,446","4,893",
TURKEY,2009,"30,187","26,331","5,561",
TURKEY,2010,"31,364","26,318","6,557",
TURKEY,2011,"34,654","30,302","6,282",
TURKEY,2012,"35,698","31,566","5,803",
TURKEY,2013,"37,795","36,192","7,526",
TURKEY,2014,"39,811","38,855","7,982",
TURKEY,2015,"39,478","35,597","8,751",
TURKEY,2016,"30,289","26,788","7,892",
TURKEY,2017,"37,601","31,870","8,887",
TURKEY,2018,"45,768","37,140","8,383",
TURKMENISTAN,2008,,,,
TURKMENISTAN,2009,,,,
TURKMENISTAN,2010,,,,
TURKMENISTAN,2011,,,,
TURKMENISTAN,2012,,,,
TURKMENISTAN,2013,,,,
TURKMENISTAN,2014,,,,
TURKMENISTAN,2015,,,,
TURKMENISTAN,2016,,,,
TURKMENISTAN,2017,,,,
TURKMENISTAN,2018,,,,
TURKS AND CAICOS ISLANDS,2008,352,,,
TURKS AND CAICOS ISLANDS,2009,351,,,
TURKS AND CAICOS ISLANDS,2010,281,,,
TURKS AND CAICOS ISLANDS,2011,354,,,
TURKS AND CAICOS ISLANDS,2012,292,,,
TURKS AND CAICOS ISLANDS,2013,291,,,
TURKS AND CAICOS ISLANDS,2014,358,,,
TURKS AND CAICOS ISLANDS,2015,386,,,
TURKS AND CAICOS ISLANDS,2016,449,,,
TURKS AND CAICOS ISLANDS,2017,416,,,
TURKS AND CAICOS ISLANDS,2018,441,,,
TUVALU,2008,1.7,,,
TUVALU,2009,1.6,,,
TUVALU,2010,1.7,,,
TUVALU,2011,1.2,,2.1,
TUVALU,2012,1.1,,,
TUVALU,2013,1.3,,,
TUVALU,2014,1.4,,,
TUVALU,2015,2.4,,,
TUVALU,2016,2.5,,,
TUVALU,2017,2.5,,,
TUVALU,2018,2.7,,,
UGANDA,2008,844,536,337,
UGANDA,2009,807,683,311,
UGANDA,2010,946,802,324,
UGANDA,2011,"1,151",977,367,
UGANDA,2012,"1,197","1,157",469,
UGANDA,2013,"1,206",960,471,
UGANDA,2014,"1,266",984,511,
UGANDA,2015,"1,303","1,049",523,
UGANDA,2016,"1,323","1,118",568,
UGANDA,2017,"1,402",957,,
UGANDA,2018,,"1,044",,
UKRAINE,2008,"25,449","6,722","15,499",
UKRAINE,2009,"20,798","4,349","15,334",
UKRAINE,2010,"21,203","4,696","17,180",
UKRAINE,2011,"21,415","5,406","19,773",
UKRAINE,2012,"23,013","5,988","21,433",
UKRAINE,2013,"24,671","5,931","23,761",
UKRAINE,2014,"12,712","2,264","22,438",
UKRAINE,2015,"12,428","1,662","23,142",
UKRAINE,2016,"13,333","1,723","24,668",
UKRAINE,2017,"14,230","2,019","26,437",
UKRAINE,2018,"14,104","2,269","27,811",
UNITED ARAB EMIRATES,2008,,"7,162",,
UNITED ARAB EMIRATES,2009,,"7,352",,
UNITED ARAB EMIRATES,2010,,"8,577",,
UNITED ARAB EMIRATES,2011,,"9,204",,
UNITED ARAB EMIRATES,2012,,"10,924",,
UNITED ARAB EMIRATES,2013,,"12,389",,
UNITED ARAB EMIRATES,2014,"16,232","15,221",,
UNITED ARAB EMIRATES,2015,"17,472","17,481",,
UNITED ARAB EMIRATES,2016,"18,967","19,496",,
UNITED ARAB EMIRATES,2017,"20,394","21,048",,
UNITED ARAB EMIRATES,2018,"21,286","21,390","18,904",
UNITED KINGDOM,2008,"30,142",,"69,011",
UNITED KINGDOM,2009,"28,199",,"58,614",
UNITED KINGDOM,2010,"28,295",,"55,562",
UNITED KINGDOM,2011,"29,306",,"56,836",
UNITED KINGDOM,2012,"29,282",,"56,538",
UNITED KINGDOM,2013,"31,063",,"57,792",
UNITED KINGDOM,2014,"32,613",,"60,082",
UNITED KINGDOM,2015,"34,436",,"65,720",
UNITED KINGDOM,2016,"35,814",,"70,815",
UNITED KINGDOM,2017,"37,651",,"72,772",
UNITED KINGDOM,2018,"36,316",,"71,733",
UNITED STATES OF AMERICA,2008,"58,007","164,721","63,653",
UNITED STATES OF AMERICA,2009,"55,103","146,002","62,130",
UNITED STATES OF AMERICA,2010,"60,010","167,996","61,061",
UNITED STATES OF AMERICA,2011,"63,477","187,629","59,209",
UNITED STATES OF AMERICA,2012,"66,967","200,997","60,697",
UNITED STATES OF AMERICA,2013,"71,643","218,496","61,344",
UNITED STATES OF AMERICA,2014,"75,379","235,990","68,185",
UNITED STATES OF AMERICA,2015,"77,774","249,183","74,191",
UNITED STATES OF AMERICA,2016,"76,407","245,991","80,223",
UNITED STATES OF AMERICA,2017,"77,187","251,544","87,657",
UNITED STATES OF AMERICA,2018,"79,746","256,145","92,564",
UNITED STATES VIRGIN ISLANDS,2008,574,"1,157",,
UNITED STATES VIRGIN ISLANDS,2009,563,"1,021",,
UNITED STATES VIRGIN ISLANDS,2010,572,"1,223",,
UNITED STATES VIRGIN ISLANDS,2011,567,"1,122",,
UNITED STATES VIRGIN ISLANDS,2012,619,"1,210",,
UNITED STATES VIRGIN ISLANDS,2013,590,"1,168",,
UNITED STATES VIRGIN ISLANDS,2014,615,"1,319",,
UNITED STATES VIRGIN ISLANDS,2015,642,"1,324",,
UNITED STATES VIRGIN ISLANDS,2016,667,"1,343",,
UNITED STATES VIRGIN ISLANDS,2017,535,"1,202",,
UNITED STATES VIRGIN ISLANDS,2018,381,"1,046",,
URUGUAY,2008,"1,938","1,195",734,
URUGUAY,2009,"2,055","1,460",826,
URUGUAY,2010,"2,353","1,669","1,027",
URUGUAY,2011,"2,857","2,401","1,534",
URUGUAY,2012,"2,695","2,439","1,816",
URUGUAY,2013,"2,683","2,182","2,281",
URUGUAY,2014,"2,682","2,029","2,396",
URUGUAY,2015,"2,773","2,070","2,217",
URUGUAY,2016,"3,037","2,182","1,715",
URUGUAY,2017,"3,674","2,660","1,789",
URUGUAY,2018,"3,469","2,439","1,947",
UZBEKISTAN,2008,"1,069",,,
UZBEKISTAN,2009,"1,215",,,
UZBEKISTAN,2010,975,,,
UZBEKISTAN,2011,"1,393",,,
UZBEKISTAN,2012,"1,895",,,
UZBEKISTAN,2013,"1,969",,,
UZBEKISTAN,2014,"1,862",,,
UZBEKISTAN,2015,"1,918",,,
UZBEKISTAN,2016,"2,027",579,,
UZBEKISTAN,2017,"2,690",835,,
UZBEKISTAN,2018,"5,346","1,314",,
VANUATU,2008,91,188,19,
VANUATU,2009,101,214,20,
VANUATU,2010,97,242,21,
VANUATU,2011,94,249,22,
VANUATU,2012,108,268,23,
VANUATU,2013,110,314,26,
VANUATU,2014,109,284,26,
VANUATU,2015,90,254,27,
VANUATU,2016,95,275,25,
VANUATU,2017,109,289,28,
VANUATU,2018,116,325,29,
"VENEZUELA, BOLIVARIAN REPUBLIC OF",2008,699,"1,097","1,745",
"VENEZUELA, BOLIVARIAN REPUBLIC OF",2009,562,"1,053","1,651",
"VENEZUELA, BOLIVARIAN REPUBLIC OF",2010,526,885,"1,477",
"VENEZUELA, BOLIVARIAN REPUBLIC OF",2011,595,806,"1,719",
"VENEZUELA, BOLIVARIAN REPUBLIC OF",2012,988,904,"1,734",
"VENEZUELA, BOLIVARIAN REPUBLIC OF",2013,986,926,"1,931",
"VENEZUELA, BOLIVARIAN REPUBLIC OF",2014,857,900,"1,589",
"VENEZUELA, BOLIVARIAN REPUBLIC OF",2015,789,654,"1,539",
"VENEZUELA, BOLIVARIAN REPUBLIC OF",2016,601,546,"1,530",
"VENEZUELA, BOLIVARIAN REPUBLIC OF",2017,427,,"1,079",
"VENEZUELA, BOLIVARIAN REPUBLIC OF",2018,,,,
VIET NAM,2008,"4,236","3,930",,
VIET NAM,2009,"3,747","3,050",,
VIET NAM,2010,"5,050","4,450",,
VIET NAM,2011,"6,014","5,710",,
VIET NAM,2012,"6,848","6,850",,
VIET NAM,2013,"7,572","7,250",,
VIET NAM,2014,"7,874","7,410",,
VIET NAM,2015,"7,944","7,350",,
VIET NAM,2016,"10,013","8,500",,
VIET NAM,2017,"12,922","8,890",,
VIET NAM,2018,"15,498","10,080",,
YEMEN,2008,"1,023",,,
YEMEN,2009,"1,028",,,
YEMEN,2010,"1,025","1,291",,
YEMEN,2011,829,910,,
YEMEN,2012,874,"1,005",,
YEMEN,2013,990,"1,097",,
YEMEN,2014,"1,018","1,199",,
YEMEN,2015,367,116,,
YEMEN,2016,,116,,
YEMEN,2017,,,,
YEMEN,2018,,,,
ZAMBIA,2008,812,,,
ZAMBIA,2009,710,,,
ZAMBIA,2010,815,,,
ZAMBIA,2011,920,,,
ZAMBIA,2012,859,,,
ZAMBIA,2013,915,,,
ZAMBIA,2014,947,,,
ZAMBIA,2015,932,,,
ZAMBIA,2016,956,,,
ZAMBIA,2017,"1,083",,,
ZAMBIA,2018,"1,072",,,
ZIMBABWE,2008,"1,956",294,593,
ZIMBABWE,2009,"2,017",129,631,
ZIMBABWE,2010,"2,239",135,650,
ZIMBABWE,2011,"2,423",164,693,
ZIMBABWE,2012,"1,794",174,720,
ZIMBABWE,2013,"1,833",183,"2,946",
ZIMBABWE,2014,"1,880",186,"3,182",
ZIMBABWE,2015,"2,057",191,"3,393",
ZIMBABWE,2016,"2,168",194,"3,192",
ZIMBABWE,2017,"2,423",158,"2,768",
ZIMBABWE,2018,"2,580",,"2,987",
